address, title
https://www.drupal.org/, Drupal Home Page
https://www.drupal.org/industries, Industries
https://www.drupal.org/about/features/accessibility, Accessibility
https://www.drupal.org/about/9, Drupal 9
https://www.drupal.org/fr/node/3145420, Drupal 9 French
https://events.drupal.org/, DrupalCon
https://simplytest.me/, SimplyTest.me
https://www.acquia.com/, Acquia
https://groups.drupal.org/frontpage, Groups.Drupal.org
https://drupal.org/project/webform, Webforms
https://www.drupal.org/u/jrockowitz, Jacob Rockowitz
https://www.drupal.org/project/issues, Issue queue
https://www.drupal.org/documentation, Documentation
https://www.drupal.org/slack, Slack
https://www.drupal.org/getting-involved-guide/community, Community
