"Address","Content","Status Code","Status","Indexability","Indexability Status","Title 1","Title 1 Length","Title 1 Pixel Width","Meta Description 1","Meta Description 1 Length","Meta Description 1 Pixel Width","Meta Keyword 1","Meta Keywords 1 Length","H1-1","H1-1 length","H2-1","H2-1 length","Meta Robots 1","X-Robots-Tag 1","Meta Refresh 1","Canonical Link Element 1","rel=""next"" 1","rel=""prev"" 1","HTTP rel=""next"" 1","HTTP rel=""prev"" 1","Size (bytes)","Word Count","Text Ratio","Crawl Depth","Link Score","Inlinks","Unique Inlinks","% of Total","Outlinks","Unique Outlinks","External Outlinks","Unique External Outlinks","Hash","Response Time","Last Modified","Redirect URL","Redirect Type","URL Encoded Address"
"https://www.rcmp-grc.gc.ca/wam/media/3629/original/4197abb73a62ee62699ba3c2d000b842.pdf","application/pdf","200","OK","Indexable","","","0","0","","0","0","","0","","0","","0","","","","","","","","","0","0","0.0","3","1","1","1","0.05","0","0","","","","0.052","","","","https://www.rcmp-grc.gc.ca/wam/media/3629/original/4197abb73a62ee62699ba3c2d000b842.pdf"
"https://www.rcmp-grc.gc.ca/wam/media/3633/original/eac635de7d2c3fd49575350060f8c146.pdf","application/pdf","200","OK","Indexable","","","0","0","","0","0","","0","","0","","0","","","","","","","","","467913","0","0.0","3","1","1","1","0.05","0","0","","","","0.149","","","","https://www.rcmp-grc.gc.ca/wam/media/3633/original/eac635de7d2c3fd49575350060f8c146.pdf"
"https://www.rcmp-grc.gc.ca/wam/media/1863/original/085105ce141e2018e5edca303816238f.pdf","application/pdf","200","OK","Indexable","","","0","0","","0","0","","0","","0","","0","","","","","","","","","0","0","0.0","3","1","1","1","0.05","0","0","","","","0.077","","","","https://www.rcmp-grc.gc.ca/wam/media/1863/original/085105ce141e2018e5edca303816238f.pdf"
"https://www.rcmp-grc.gc.ca/wam/media/1100/original/45a10704156a5b7e195581c6ede165f6.pdf","application/pdf","200","OK","Indexable","","","0","0","","0","0","","0","","0","","0","","","","","","","","","245495","0","0.0","3","1","1","1","0.05","0","0","","","","0.053","","","","https://www.rcmp-grc.gc.ca/wam/media/1100/original/45a10704156a5b7e195581c6ede165f6.pdf"
"https://www.rcmp-grc.gc.ca/pp/protect-policing-police-eng.pdf","application/pdf","200","OK","Indexable","","","0","0","","0","0","","0","","0","","0","","","","","","","","","267342","0","0.0","3","1","1","1","0.05","0","0","","","","0.531","Tue, 08 Dec 2015 18:23:56 GMT","","","https://www.rcmp-grc.gc.ca/pp/protect-policing-police-eng.pdf"
"https://www.rcmp-grc.gc.ca/form/6330-eng.pdf","application/pdf","200","OK","Indexable","","","0","0","","0","0","","0","","0","","0","","","","","","","","","735600","0","0.0","3","1","2","2","0.1","0","0","","","","0.208","Tue, 24 May 2016 12:31:29 GMT","","","https://www.rcmp-grc.gc.ca/form/6330-eng.pdf"
"https://www.rcmp-grc.gc.ca/wam/media/2147/original/46c8dacc1de794269d946657ccffe0fa.pdf","application/pdf","200","OK","Indexable","","","0","0","","0","0","","0","","0","","0","","","","","","","","","0","0","0.0","3","1","1","1","0.05","0","0","","","","0.432","","","","https://www.rcmp-grc.gc.ca/wam/media/2147/original/46c8dacc1de794269d946657ccffe0fa.pdf"
"https://www.rcmp-grc.gc.ca/wam/media/2363/original/2948c40f01bbc3470bed9c8358ff738b.pdf","application/pdf","200","OK","Indexable","","","0","0","","0","0","","0","","0","","0","","","","","","","","","0","0","0.0","3","1","1","1","0.05","0","0","","","","0.499","","","","https://www.rcmp-grc.gc.ca/wam/media/2363/original/2948c40f01bbc3470bed9c8358ff738b.pdf"
"https://www.rcmp-grc.gc.ca/form/4553-eng.pdf","application/pdf","200","OK","Indexable","","","0","0","","0","0","","0","","0","","0","","","","","","","","","210238","0","0.0","3","1","1","1","0.05","0","0","","","","0.333","Tue, 11 Oct 2016 14:30:04 GMT","","","https://www.rcmp-grc.gc.ca/form/4553-eng.pdf"
"https://www.rcmp-grc.gc.ca/wam/media/2359/original/9f11d327e98de4fa3d83198ef9a6024f.pdf","application/pdf","200","OK","Indexable","","","0","0","","0","0","","0","","0","","0","","","","","","","","","0","0","0.0","3","1","1","1","0.05","0","0","","","","0.609","","","","https://www.rcmp-grc.gc.ca/wam/media/2359/original/9f11d327e98de4fa3d83198ef9a6024f.pdf"
"https://www.rcmp-grc.gc.ca/wam/media/3201/original/4a212c6e1779edcd0dd08057d4e37d1b.pdf","application/pdf","200","OK","Indexable","","","0","0","","0","0","","0","","0","","0","","","","","","","","","0","0","0.0","3","1","1","1","0.05","0","0","","","","0.854","","","","https://www.rcmp-grc.gc.ca/wam/media/3201/original/4a212c6e1779edcd0dd08057d4e37d1b.pdf"
"https://www.rcmp-grc.gc.ca/form/6378-eng.pdf","application/pdf","200","OK","Indexable","","","0","0","","0","0","","0","","0","","0","","","","","","","","","631144","0","0.0","3","1","1","1","0.05","0","0","","","","0.867","Tue, 24 May 2016 12:31:31 GMT","","","https://www.rcmp-grc.gc.ca/form/6378-eng.pdf"
"https://www.rcmp-grc.gc.ca/wam/media/1102/original/8ff7125d1cfa1a6761e462bfb67a198b.pdf","application/pdf","200","OK","Indexable","","","0","0","","0","0","","0","","0","","0","","","","","","","","","0","0","0.0","3","1","1","1","0.05","0","0","","","","1.326","","","","https://www.rcmp-grc.gc.ca/wam/media/1102/original/8ff7125d1cfa1a6761e462bfb67a198b.pdf"
"https://www.rcmp-grc.gc.ca/wam/media/3123/original/4ae2c3cf6875ceba08ef3dc1a19f6a11.pdf","application/pdf","200","OK","Indexable","","","0","0","","0","0","","0","","0","","0","","","","","","","","","0","0","0.0","3","1","1","1","0.05","0","0","","","","0.166","","","","https://www.rcmp-grc.gc.ca/wam/media/3123/original/4ae2c3cf6875ceba08ef3dc1a19f6a11.pdf"
"https://www.rcmp-grc.gc.ca/wam/media/1971/original/1aad45a3f33f4b16c4f91340a803ae1a.pdf","application/pdf","200","OK","Indexable","","","0","0","","0","0","","0","","0","","0","","","","","","","","","0","0","0.0","3","1","1","1","0.05","0","0","","","","1.975","","","","https://www.rcmp-grc.gc.ca/wam/media/1971/original/1aad45a3f33f4b16c4f91340a803ae1a.pdf"
"https://www.rcmp-grc.gc.ca/form/5118-fra.pdf","application/pdf","200","OK","Indexable","","","0","0","","0","0","","0","","0","","0","","","","","","","","","1153926","0","0.0","4","1","1","1","0.05","0","0","","","","0.096","Mon, 17 Oct 2016 13:27:43 GMT","","","https://www.rcmp-grc.gc.ca/form/5118-fra.pdf"
"https://www.rcmp-grc.gc.ca/form/6330-fra.pdf","application/pdf","200","OK","Indexable","","","0","0","","0","0","","0","","0","","0","","","","","","","","","740669","0","0.0","4","1","1","1","0.05","0","0","","","","0.087","Tue, 24 May 2016 12:31:29 GMT","","","https://www.rcmp-grc.gc.ca/form/6330-fra.pdf"
"https://www.rcmp-grc.gc.ca/form/6331-fra.pdf","application/pdf","200","OK","Indexable","","","0","0","","0","0","","0","","0","","0","","","","","","","","","723835","0","0.0","4","1","1","1","0.05","0","0","","","","0.086","Tue, 24 May 2016 12:31:30 GMT","","","https://www.rcmp-grc.gc.ca/form/6331-fra.pdf"
"https://www.rcmp-grc.gc.ca/form/5186-fra.pdf","application/pdf","200","OK","Indexable","","","0","0","","0","0","","0","","0","","0","","","","","","","","","1176356","0","0.0","4","1","1","1","0.05","0","0","","","","0.161","Wed, 26 Oct 2016 15:46:34 GMT","","","https://www.rcmp-grc.gc.ca/form/5186-fra.pdf"
"https://www.rcmp-grc.gc.ca/form/6378-fra.pdf","application/pdf","200","OK","Indexable","","","0","0","","0","0","","0","","0","","0","","","","","","","","","633477","0","0.0","4","1","1","1","0.05","0","0","","","","0.189","Tue, 24 May 2016 12:31:31 GMT","","","https://www.rcmp-grc.gc.ca/form/6378-fra.pdf"
"https://www.rcmp-grc.gc.ca/form/3953-fra.pdf","application/pdf","200","OK","Indexable","","","0","0","","0","0","","0","","0","","0","","","","","","","","","1148560","0","0.0","4","1","1","1","0.05","0","0","","","","0.139","Mon, 11 Jul 2016 19:59:42 GMT","","","https://www.rcmp-grc.gc.ca/form/3953-fra.pdf"
"https://www.rcmp-grc.gc.ca/form/4553-fra.pdf","application/pdf","200","OK","Indexable","","","0","0","","0","0","","0","","0","","0","","","","","","","","","211691","0","0.0","4","1","1","1","0.05","0","0","","","","0.272","Tue, 11 Oct 2016 14:30:09 GMT","","","https://www.rcmp-grc.gc.ca/form/4553-fra.pdf"
"https://www.rcmp-grc.gc.ca/pp/protect-policing-police-fra.pdf","application/pdf","200","OK","Indexable","","","0","0","","0","0","","0","","0","","0","","","","","","","","","222819","0","0.0","4","1","1","1","0.05","0","0","","","","0.095","Tue, 08 Dec 2015 18:23:58 GMT","","","https://www.rcmp-grc.gc.ca/pp/protect-policing-police-fra.pdf"
"https://www.rcmp-grc.gc.ca/nddb-bndg/form/6014-eng.pdf","application/pdf","200","OK","Indexable","","","0","0","","0","0","","0","","0","","0","","","","","","","","","691089","0","0.0","4","1","1","1","0.05","0","0","","","","0.066","Wed, 14 Sep 2016 15:16:54 GMT","","","https://www.rcmp-grc.gc.ca/nddb-bndg/form/6014-eng.pdf"
"https://www.rcmp-grc.gc.ca/nddb-bndg/form/5-08-eng.pdf","application/pdf","200","OK","Indexable","","","0","0","","0","0","","0","","0","","0","","","","","","","","","287031","0","0.0","4","1","1","1","0.05","0","0","","","","0.069","Fri, 30 Dec 2011 15:35:34 GMT","","","https://www.rcmp-grc.gc.ca/nddb-bndg/form/5-08-eng.pdf"
"https://www.rcmp-grc.gc.ca/nddb-bndg/form/5751-eng.pdf","application/pdf","200","OK","Indexable","","","0","0","","0","0","","0","","0","","0","","","","","","","","","1148481","0","0.0","4","1","1","1","0.05","0","0","","","","0.075","Wed, 14 Sep 2016 15:16:13 GMT","","","https://www.rcmp-grc.gc.ca/nddb-bndg/form/5751-eng.pdf"
"https://www.rcmp-grc.gc.ca/nddb-bndg/form/6436-eng.pdf","application/pdf","200","OK","Indexable","","","0","0","","0","0","","0","","0","","0","","","","","","","","","197010","0","0.0","4","1","1","1","0.05","0","0","","","","0.097","Mon, 11 Mar 2019 20:45:07 GMT","","","https://www.rcmp-grc.gc.ca/nddb-bndg/form/6436-eng.pdf"
"https://www.rcmp-grc.gc.ca/nddb-bndg/form/6534e.pdf","application/pdf","200","OK","Indexable","","","0","0","","0","0","","0","","0","","0","","","","","","","","","282578","0","0.0","4","1","1","1","0.05","0","0","","","","0.081","Mon, 09 Dec 2019 14:19:16 GMT","","","https://www.rcmp-grc.gc.ca/nddb-bndg/form/6534e.pdf"
"https://www.rcmp-grc.gc.ca/nddb-bndg/form/5-09-eng.pdf","application/pdf","200","OK","Indexable","","","0","0","","0","0","","0","","0","","0","","","","","","","","","290485","0","0.0","4","1","1","1","0.05","0","0","","","","0.114","Fri, 30 Dec 2011 15:35:37 GMT","","","https://www.rcmp-grc.gc.ca/nddb-bndg/form/5-09-eng.pdf"
"https://www.rcmp-grc.gc.ca/nddb-bndg/form/3801-eng.pdf","application/pdf","200","OK","Indexable","","","0","0","","0","0","","0","","0","","0","","","","","","","","","277018","0","0.0","4","1","1","1","0.05","0","0","","","","0.116","Tue, 12 Mar 2019 17:26:22 GMT","","","https://www.rcmp-grc.gc.ca/nddb-bndg/form/3801-eng.pdf"
"https://www.rcmp-grc.gc.ca/nddb-bndg/form/6533e.pdf","application/pdf","200","OK","Indexable","","","0","0","","0","0","","0","","0","","0","","","","","","","","","282009","0","0.0","4","1","1","1","0.05","0","0","","","","0.137","Mon, 09 Dec 2019 14:19:11 GMT","","","https://www.rcmp-grc.gc.ca/nddb-bndg/form/6533e.pdf"
"https://www.rcmp-grc.gc.ca/nddb-bndg/form/vi-vdi-guide-eng.pdf","application/pdf","200","OK","Indexable","","","0","0","","0","0","","0","","0","","0","","","","","","","","","207104","0","0.0","4","1","1","1","0.05","0","0","","","","0.175","Wed, 09 May 2018 16:43:28 GMT","","","https://www.rcmp-grc.gc.ca/nddb-bndg/form/vi-vdi-guide-eng.pdf"
"https://www.rcmp-grc.gc.ca/nddb-bndg/form/3907-eng.pdf","application/pdf","200","OK","Indexable","","","0","0","","0","0","","0","","0","","0","","","","","","","","","755694","0","0.0","4","1","1","1","0.05","0","0","","","","0.175","Wed, 14 Sep 2016 15:41:28 GMT","","","https://www.rcmp-grc.gc.ca/nddb-bndg/form/3907-eng.pdf"
"https://www.rcmp-grc.gc.ca/dnaac-adncc/rules-regle-procedure-eng.pdf","application/pdf","200","OK","Indexable","","","0","0","","0","0","","0","","0","","0","","","","","","","","","28242","0","0.0","4","1","1","1","0.05","0","0","","","","0.141","Mon, 29 Dec 2008 05:00:00 GMT","","","https://www.rcmp-grc.gc.ca/dnaac-adncc/rules-regle-procedure-eng.pdf"
"https://www.rcmp-grc.gc.ca/dnaac-adncc/bl-ra-eng.pdf","application/pdf","200","OK","Indexable","","","0","0","","0","0","","0","","0","","0","","","","","","","","","13114","0","0.0","4","1","1","1","0.05","0","0","","","","0.173","Mon, 29 Dec 2008 05:00:00 GMT","","","https://www.rcmp-grc.gc.ca/dnaac-adncc/bl-ra-eng.pdf"
"https://www.rcmp-grc.gc.ca/wam/media/1247/original/3342dece1232074e248be9c398516861.pdf","application/pdf","200","OK","Indexable","","","0","0","","0","0","","0","","0","","0","","","","","","","","","0","0","0.0","4","1","1","1","0.05","0","0","","","","2.835","","","","https://www.rcmp-grc.gc.ca/wam/media/1247/original/3342dece1232074e248be9c398516861.pdf"
"https://www.rcmp-grc.gc.ca/wam/media/2255/original/ce22036ae7ad56651e94fb9a949c8793.pdf","application/pdf","200","OK","Indexable","","","0","0","","0","0","","0","","0","","0","","","","","","","","","0","0","0.0","4","1","1","1","0.05","0","0","","","","2.996","","","","https://www.rcmp-grc.gc.ca/wam/media/2255/original/ce22036ae7ad56651e94fb9a949c8793.pdf"
"https://www.rcmp-grc.gc.ca/wam/media/1112/original/1f6d633bdeacd5ae4b5e1aea5b5c4ee4.pdf","application/pdf","200","OK","Indexable","","","0","0","","0","0","","0","","0","","0","","","","","","","","","0","0","0.0","4","1","1","1","0.05","0","0","","","","3.216","","","","https://www.rcmp-grc.gc.ca/wam/media/1112/original/1f6d633bdeacd5ae4b5e1aea5b5c4ee4.pdf"
"https://www.rcmp-grc.gc.ca/wam/media/1103/original/966ef499b494b65826a3e96511234d4f.pdf","application/pdf","200","OK","Indexable","","","0","0","","0","0","","0","","0","","0","","","","","","","","","0","0","0.0","4","1","1","1","0.05","0","0","","","","3.265","","","","https://www.rcmp-grc.gc.ca/wam/media/1103/original/966ef499b494b65826a3e96511234d4f.pdf"
"https://www.rcmp-grc.gc.ca/wam/media/2149/original/6cb6a1811dcc22473e06a1d8b103e794.pdf","application/pdf","200","OK","Indexable","","","0","0","","0","0","","0","","0","","0","","","","","","","","","0","0","0.0","4","1","1","1","0.05","0","0","","","","3.414","","","","https://www.rcmp-grc.gc.ca/wam/media/2149/original/6cb6a1811dcc22473e06a1d8b103e794.pdf"
"https://www.rcmp-grc.gc.ca/wam/media/2365/original/87d0d16d364d247269ddc94564b1feab.pdf","application/pdf","200","OK","Indexable","","","0","0","","0","0","","0","","0","","0","","","","","","","","","0","0","0.0","4","1","1","1","0.05","0","0","","","","3.553","","","","https://www.rcmp-grc.gc.ca/wam/media/2365/original/87d0d16d364d247269ddc94564b1feab.pdf"
"https://www.rcmp-grc.gc.ca/wam/media/2357/original/2c168d4c0917d51f7fb0949d325e23f7.pdf","application/pdf","200","OK","Indexable","","","0","0","","0","0","","0","","0","","0","","","","","","","","","0","0","0.0","4","1","1","1","0.05","0","0","","","","3.545","","","","https://www.rcmp-grc.gc.ca/wam/media/2357/original/2c168d4c0917d51f7fb0949d325e23f7.pdf"
"https://www.rcmp-grc.gc.ca/wam/media/1849/original/d42a72cbe2d7640a379741daab97d798.pdf","application/pdf","200","OK","Indexable","","","0","0","","0","0","","0","","0","","0","","","","","","","","","0","0","0.0","4","1","1","1","0.05","0","0","","","","3.7","","","","https://www.rcmp-grc.gc.ca/wam/media/1849/original/d42a72cbe2d7640a379741daab97d798.pdf"
"https://www.rcmp-grc.gc.ca/wam/media/3207/original/ca1b68fec88caa0e966628f2f9c54e90.pdf","application/pdf","200","OK","Indexable","","","0","0","","0","0","","0","","0","","0","","","","","","","","","0","0","0.0","4","1","1","1","0.05","0","0","","","","3.71","","","","https://www.rcmp-grc.gc.ca/wam/media/3207/original/ca1b68fec88caa0e966628f2f9c54e90.pdf"
"https://www.rcmp-grc.gc.ca/wam/media/3205/original/c18b7b5ff791d6b247c70d9c264dca2e.pdf","application/pdf","200","OK","Indexable","","","0","0","","0","0","","0","","0","","0","","","","","","","","","0","0","0.0","4","1","1","1","0.05","0","0","","","","3.737","","","","https://www.rcmp-grc.gc.ca/wam/media/3205/original/c18b7b5ff791d6b247c70d9c264dca2e.pdf"
"https://www.rcmp-grc.gc.ca/wam/media/2433/original/2533f765ce54b209c2ede2962be4357c.pdf","application/pdf","200","OK","Indexable","","","0","0","","0","0","","0","","0","","0","","","","","","","","","0","0","0.0","4","1","1","1","0.05","0","0","","","","3.789","","","","https://www.rcmp-grc.gc.ca/wam/media/2433/original/2533f765ce54b209c2ede2962be4357c.pdf"
"https://www.rcmp-grc.gc.ca/wam/media/1105/original/0e2e6a7abd8838ee2e92b3835ae530df.pdf","application/pdf","200","OK","Indexable","","","0","0","","0","0","","0","","0","","0","","","","","","","","","0","0","0.0","4","1","1","1","0.05","0","0","","","","3.851","","","","https://www.rcmp-grc.gc.ca/wam/media/1105/original/0e2e6a7abd8838ee2e92b3835ae530df.pdf"
"https://www.rcmp-grc.gc.ca/wam/media/2361/original/1c7390aafe5a58a3c2d2e759cf51d993.pdf","application/pdf","200","OK","Indexable","","","0","0","","0","0","","0","","0","","0","","","","","","","","","0","0","0.0","4","1","1","1","0.05","0","0","","","","3.914","","","","https://www.rcmp-grc.gc.ca/wam/media/2361/original/1c7390aafe5a58a3c2d2e759cf51d993.pdf"
"https://www.rcmp-grc.gc.ca/wam/media/1865/original/55e2381933003e6046d9fba1f54fa34c.pdf","application/pdf","200","OK","Indexable","","","0","0","","0","0","","0","","0","","0","","","","","","","","","0","0","0.0","4","1","1","1","0.05","0","0","","","","4.003","","","","https://www.rcmp-grc.gc.ca/wam/media/1865/original/55e2381933003e6046d9fba1f54fa34c.pdf"
"https://www.rcmp-grc.gc.ca/wam/media/2435/original/1966743da5e4bd752352218b7023c715.pdf","application/pdf","200","OK","Indexable","","","0","0","","0","0","","0","","0","","0","","","","","","","","","0","0","0.0","4","1","1","1","0.05","0","0","","","","4.028","","","","https://www.rcmp-grc.gc.ca/wam/media/2435/original/1966743da5e4bd752352218b7023c715.pdf"
"https://www.rcmp-grc.gc.ca/wam/media/1101/original/7121ac3e63e9c32f4bb642c90442a113.pdf","application/pdf","200","OK","Indexable","","","0","0","","0","0","","0","","0","","0","","","","","","","","","0","0","0.0","4","1","1","1","0.05","0","0","","","","4.068","","","","https://www.rcmp-grc.gc.ca/wam/media/1101/original/7121ac3e63e9c32f4bb642c90442a113.pdf"
"https://www.rcmp-grc.gc.ca/wam/media/1168/original/91c94c5ccad5867c18e866663410fd2a.pdf","application/pdf","200","OK","Indexable","","","0","0","","0","0","","0","","0","","0","","","","","","","","","0","0","0.0","4","1","1","1","0.05","0","0","","","","4.151","","","","https://www.rcmp-grc.gc.ca/wam/media/1168/original/91c94c5ccad5867c18e866663410fd2a.pdf"
"https://www.rcmp-grc.gc.ca/wam/media/1732/original/53851a789163f9918882d34b165026a3.pdf","application/pdf","200","OK","Indexable","","","0","0","","0","0","","0","","0","","0","","","","","","","","","0","0","0.0","4","1","1","1","0.05","0","0","","","","2.571","","","","https://www.rcmp-grc.gc.ca/wam/media/1732/original/53851a789163f9918882d34b165026a3.pdf"
"https://www.rcmp-grc.gc.ca/wam/media/3635/original/f4b8547437392c42c985e1900d30a025.pdf","application/pdf","200","OK","Indexable","","","0","0","","0","0","","0","","0","","0","","","","","","","","","790440","0","0.0","4","1","1","1","0.05","0","0","","","","0.064","","","","https://www.rcmp-grc.gc.ca/wam/media/3635/original/f4b8547437392c42c985e1900d30a025.pdf"
"https://www.rcmp-grc.gc.ca/wam/media/3653/original/e114d2f8719b4d5644e1413262775864.pdf","application/pdf","200","OK","Indexable","","","0","0","","0","0","","0","","0","","0","","","","","","","","","0","0","0.0","4","1","1","1","0.05","0","0","","","","3.767","","","","https://www.rcmp-grc.gc.ca/wam/media/3653/original/e114d2f8719b4d5644e1413262775864.pdf"
"https://www.rcmp-grc.gc.ca/wam/media/3637/original/1e4df44e822a55e56b8d5ef865b2ca27.pdf","application/pdf","200","OK","Indexable","","","0","0","","0","0","","0","","0","","0","","","","","","","","","0","0","0.0","4","1","1","1","0.05","0","0","","","","3.82","","","","https://www.rcmp-grc.gc.ca/wam/media/3637/original/1e4df44e822a55e56b8d5ef865b2ca27.pdf"
"https://www.rcmp-grc.gc.ca/wam/media/2345/original/03c14f378f5dbcc60eae6de0dcb33046.pdf","application/pdf","200","OK","Indexable","","","0","0","","0","0","","0","","0","","0","","","","","","","","","0","0","0.0","4","1","1","1","0.05","0","0","","","","4.209","","","","https://www.rcmp-grc.gc.ca/wam/media/2345/original/03c14f378f5dbcc60eae6de0dcb33046.pdf"
"https://www.rcmp-grc.gc.ca/wam/media/3649/original/caed5ccea445259f7c015a8d2a54b06b.pdf","application/pdf","200","OK","Indexable","","","0","0","","0","0","","0","","0","","0","","","","","","","","","0","0","0.0","4","1","1","1","0.05","0","0","","","","4.287","","","","https://www.rcmp-grc.gc.ca/wam/media/3649/original/caed5ccea445259f7c015a8d2a54b06b.pdf"
"https://www.rcmp-grc.gc.ca/wam/media/3639/original/3ac23008848966d10322a722e20f1677.pdf","application/pdf","200","OK","Indexable","","","0","0","","0","0","","0","","0","","0","","","","","","","","","0","0","0.0","4","1","1","1","0.05","0","0","","","","4.482","","","","https://www.rcmp-grc.gc.ca/wam/media/3639/original/3ac23008848966d10322a722e20f1677.pdf"
"https://www.rcmp-grc.gc.ca/wam/media/3643/original/507f0ae25b2bef5ff8169e8bcd366a7c.pdf","application/pdf","200","OK","Indexable","","","0","0","","0","0","","0","","0","","0","","","","","","","","","0","0","0.0","4","1","1","1","0.05","0","0","","","","4.667","","","","https://www.rcmp-grc.gc.ca/wam/media/3643/original/507f0ae25b2bef5ff8169e8bcd366a7c.pdf"
"https://www.rcmp-grc.gc.ca/wam/media/3645/original/53422987f83776fca629b4e06f8eef38.pdf","application/pdf","200","OK","Indexable","","","0","0","","0","0","","0","","0","","0","","","","","","","","","0","0","0.0","4","1","1","1","0.05","0","0","","","","4.849","","","","https://www.rcmp-grc.gc.ca/wam/media/3645/original/53422987f83776fca629b4e06f8eef38.pdf"
"https://www.rcmp-grc.gc.ca/wam/media/2235/original/d6c9e65df9f9647c99169e5eb05c921a.pdf","application/pdf","200","OK","Indexable","","","0","0","","0","0","","0","","0","","0","","","","","","","","","0","0","0.0","4","1","1","1","0.05","0","0","","","","5.131","","","","https://www.rcmp-grc.gc.ca/wam/media/2235/original/d6c9e65df9f9647c99169e5eb05c921a.pdf"
"https://www.rcmp-grc.gc.ca/wam/media/3655/original/d5de39b4a74523ba5e51c636f7b274ab.pdf","application/pdf","200","OK","Indexable","","","0","0","","0","0","","0","","0","","0","","","","","","","","","0","0","0.0","4","1","1","1","0.05","0","0","","","","5.2","","","","https://www.rcmp-grc.gc.ca/wam/media/3655/original/d5de39b4a74523ba5e51c636f7b274ab.pdf"
"https://www.rcmp-grc.gc.ca/wam/media/3651/original/55b48e759194d0c6781c5d287414e249.pdf","application/pdf","200","OK","Indexable","","","0","0","","0","0","","0","","0","","0","","","","","","","","","0","0","0.0","4","1","1","1","0.05","0","0","","","","5.352","","","","https://www.rcmp-grc.gc.ca/wam/media/3651/original/55b48e759194d0c6781c5d287414e249.pdf"
"https://www.rcmp-grc.gc.ca/wam/media/2349/original/d8c735c5fae84e1a96dac8b3c5f00294.pdf","application/pdf","200","OK","Indexable","","","0","0","","0","0","","0","","0","","0","","","","","","","","","0","0","0.0","4","1","1","1","0.05","0","0","","","","5.488","","","","https://www.rcmp-grc.gc.ca/wam/media/2349/original/d8c735c5fae84e1a96dac8b3c5f00294.pdf"
"https://www.rcmp-grc.gc.ca/wam/media/2239/original/b5362b8fc7a9c14ea22cea6caa4e125b.pdf","application/pdf","200","OK","Indexable","","","0","0","","0","0","","0","","0","","0","","","","","","","","","0","0","0.0","4","1","1","1","0.05","0","0","","","","5.852","","","","https://www.rcmp-grc.gc.ca/wam/media/2239/original/b5362b8fc7a9c14ea22cea6caa4e125b.pdf"
"https://www.rcmp-grc.gc.ca/wam/media/3641/original/ac13b6af44017d9c9e9be1d4b0018555.pdf","application/pdf","200","OK","Indexable","","","0","0","","0","0","","0","","0","","0","","","","","","","","","0","0","0.0","4","1","1","1","0.05","0","0","","","","5.99","","","","https://www.rcmp-grc.gc.ca/wam/media/3641/original/ac13b6af44017d9c9e9be1d4b0018555.pdf"
"https://www.rcmp-grc.gc.ca/wam/media/2353/original/61c61521b50d1d2e4b24213d255f5399.pdf","application/pdf","200","OK","Indexable","","","0","0","","0","0","","0","","0","","0","","","","","","","","","0","0","0.0","4","1","1","1","0.05","0","0","","","","6.031","","","","https://www.rcmp-grc.gc.ca/wam/media/2353/original/61c61521b50d1d2e4b24213d255f5399.pdf"
"https://www.rcmp-grc.gc.ca/wam/media/3647/original/d5155c3a04f85e4dadcc408dddea4150.pdf","application/pdf","200","OK","Indexable","","","0","0","","0","0","","0","","0","","0","","","","","","","","","0","0","0.0","4","1","1","1","0.05","0","0","","","","6.087","","","","https://www.rcmp-grc.gc.ca/wam/media/3647/original/d5155c3a04f85e4dadcc408dddea4150.pdf"
"https://www.rcmp-grc.gc.ca/cycp-cpcj/bull-inti/pdf/bully-int-fra.pdf","application/pdf","200","OK","Indexable","","","0","0","","0","0","","0","","0","","0","","","","","","","","","5824728","0","0.0","5","1","1","1","0.05","0","0","","","","0.131","Tue, 07 Aug 2018 14:22:32 GMT","","","https://www.rcmp-grc.gc.ca/cycp-cpcj/bull-inti/pdf/bully-int-fra.pdf"
"https://www.rcmp-grc.gc.ca/dnaac-adncc/bl-ra-fra.pdf","application/pdf","200","OK","Indexable","","","0","0","","0","0","","0","","0","","0","","","","","","","","","13197","0","0.0","5","1","1","1","0.05","0","0","","","","0.056","Mon, 29 Dec 2008 05:00:00 GMT","","","https://www.rcmp-grc.gc.ca/dnaac-adncc/bl-ra-fra.pdf"
"https://www.rcmp-grc.gc.ca/dnaac-adncc/rules-regle-procedure-fra.pdf","application/pdf","200","OK","Indexable","","","0","0","","0","0","","0","","0","","0","","","","","","","","","25894","0","0.0","5","1","1","1","0.05","0","0","","","","0.19","Mon, 29 Dec 2008 05:00:00 GMT","","","https://www.rcmp-grc.gc.ca/dnaac-adncc/rules-regle-procedure-fra.pdf"
"https://www.rcmp-grc.gc.ca/nddb-bndg/form/5751-fra.pdf","application/pdf","200","OK","Indexable","","","0","0","","0","0","","0","","0","","0","","","","","","","","","1148758","0","0.0","5","1","1","1","0.05","0","0","","","","0.068","Wed, 14 Sep 2016 15:16:29 GMT","","","https://www.rcmp-grc.gc.ca/nddb-bndg/form/5751-fra.pdf"
"https://www.rcmp-grc.gc.ca/nddb-bndg/form/6533f.pdf","application/pdf","200","OK","Indexable","","","0","0","","0","0","","0","","0","","0","","","","","","","","","287269","0","0.0","5","1","1","1","0.05","0","0","","","","0.079","Mon, 09 Dec 2019 14:19:13 GMT","","","https://www.rcmp-grc.gc.ca/nddb-bndg/form/6533f.pdf"
"https://www.rcmp-grc.gc.ca/nddb-bndg/form/3907-fra.pdf","application/pdf","200","OK","Indexable","","","0","0","","0","0","","0","","0","","0","","","","","","","","","751019","0","0.0","5","1","1","1","0.05","0","0","","","","0.17","Wed, 14 Sep 2016 15:41:48 GMT","","","https://www.rcmp-grc.gc.ca/nddb-bndg/form/3907-fra.pdf"
"https://www.rcmp-grc.gc.ca/nddb-bndg/form/5-08-fra.pdf","application/pdf","200","OK","Indexable","","","0","0","","0","0","","0","","0","","0","","","","","","","","","309299","0","0.0","5","1","1","1","0.05","0","0","","","","0.153","Fri, 30 Dec 2011 15:35:36 GMT","","","https://www.rcmp-grc.gc.ca/nddb-bndg/form/5-08-fra.pdf"
"https://www.rcmp-grc.gc.ca/nddb-bndg/form/5-09-fra.pdf","application/pdf","200","OK","Indexable","","","0","0","","0","0","","0","","0","","0","","","","","","","","","332213","0","0.0","5","1","1","1","0.05","0","0","","","","0.18","Fri, 30 Dec 2011 15:35:38 GMT","","","https://www.rcmp-grc.gc.ca/nddb-bndg/form/5-09-fra.pdf"
"https://www.rcmp-grc.gc.ca/nddb-bndg/form/6436-fra.pdf","application/pdf","200","OK","Indexable","","","0","0","","0","0","","0","","0","","0","","","","","","","","","197584","0","0.0","5","1","1","1","0.05","0","0","","","","0.164","Mon, 11 Mar 2019 20:45:07 GMT","","","https://www.rcmp-grc.gc.ca/nddb-bndg/form/6436-fra.pdf"
"https://www.rcmp-grc.gc.ca/nddb-bndg/form/6014-fra.pdf","application/pdf","200","OK","Indexable","","","0","0","","0","0","","0","","0","","0","","","","","","","","","691149","0","0.0","5","1","1","1","0.05","0","0","","","","0.209","Wed, 14 Sep 2016 15:17:19 GMT","","","https://www.rcmp-grc.gc.ca/nddb-bndg/form/6014-fra.pdf"
"https://www.rcmp-grc.gc.ca/nddb-bndg/form/vi-vdi-guide-fra.pdf","application/pdf","200","OK","Indexable","","","0","0","","0","0","","0","","0","","0","","","","","","","","","223653","0","0.0","5","1","1","1","0.05","0","0","","","","0.232","Wed, 09 May 2018 16:43:30 GMT","","","https://www.rcmp-grc.gc.ca/nddb-bndg/form/vi-vdi-guide-fra.pdf"
"https://www.rcmp-grc.gc.ca/nddb-bndg/form/3801-fra.pdf","application/pdf","200","OK","Indexable","","","0","0","","0","0","","0","","0","","0","","","","","","","","","278385","0","0.0","5","1","1","1","0.05","0","0","","","","0.175","Tue, 12 Mar 2019 17:26:23 GMT","","","https://www.rcmp-grc.gc.ca/nddb-bndg/form/3801-fra.pdf"
"https://www.rcmp-grc.gc.ca/nddb-bndg/form/6534f.pdf","application/pdf","200","OK","Indexable","","","0","0","","0","0","","0","","0","","0","","","","","","","","","285268","0","0.0","5","1","1","1","0.05","0","0","","","","0.182","Mon, 09 Dec 2019 14:19:18 GMT","","","https://www.rcmp-grc.gc.ca/nddb-bndg/form/6534f.pdf"
"https://www.rcmp-grc.gc.ca/ht-tp/publications/booklet-brochure-youth-jeunes-eng.pdf","application/pdf","200","OK","Indexable","","","0","0","","0","0","","0","","0","","0","","","","","","","","","2362489","0","0.0","5","1","1","1","0.05","0","0","","","","0.097","Mon, 24 Feb 2020 18:38:14 GMT","","","https://www.rcmp-grc.gc.ca/ht-tp/publications/booklet-brochure-youth-jeunes-eng.pdf"
"https://www.rcmp-grc.gc.ca/ht-tp/publications/poster-affiche-youth-jeunes-5-eng.pdf","application/pdf","200","OK","Indexable","","","0","0","","0","0","","0","","0","","0","","","","","","","","","450560","0","0.0","5","1","1","1","0.05","0","0","","","","0.104","Mon, 24 Feb 2020 19:00:16 GMT","","","https://www.rcmp-grc.gc.ca/ht-tp/publications/poster-affiche-youth-jeunes-5-eng.pdf"
"https://www.rcmp-grc.gc.ca/ht-tp/publications/poster-affiche-youth-jeunes-3-eng.pdf","application/pdf","200","OK","Indexable","","","0","0","","0","0","","0","","0","","0","","","","","","","","","1121900","0","0.0","5","1","1","1","0.05","0","0","","","","0.189","Mon, 24 Feb 2020 18:38:28 GMT","","","https://www.rcmp-grc.gc.ca/ht-tp/publications/poster-affiche-youth-jeunes-3-eng.pdf"
"https://www.rcmp-grc.gc.ca/ht-tp/publications/poster-affiche-youth-jeunes-1-eng.pdf","application/pdf","200","OK","Indexable","","","0","0","","0","0","","0","","0","","0","","","","","","","","","1125979","0","0.0","5","1","1","1","0.05","0","0","","","","0.165","Mon, 24 Feb 2020 18:14:21 GMT","","","https://www.rcmp-grc.gc.ca/ht-tp/publications/poster-affiche-youth-jeunes-1-eng.pdf"
"https://www.rcmp-grc.gc.ca/ht-tp/publications/poster-affiche-youth-jeunes-4-eng.pdf","application/pdf","200","OK","Indexable","","","0","0","","0","0","","0","","0","","0","","","","","","","","","1209803","0","0.0","5","1","1","1","0.05","0","0","","","","0.184","Mon, 24 Feb 2020 18:38:30 GMT","","","https://www.rcmp-grc.gc.ca/ht-tp/publications/poster-affiche-youth-jeunes-4-eng.pdf"
"https://www.rcmp-grc.gc.ca/ht-tp/publications/poster-affiche-youth-jeunes-2-eng.pdf","application/pdf","200","OK","Indexable","","","0","0","","0","0","","0","","0","","0","","","","","","","","","1087087","0","0.0","5","1","1","1","0.05","0","0","","","","0.175","Mon, 24 Feb 2020 18:38:25 GMT","","","https://www.rcmp-grc.gc.ca/ht-tp/publications/poster-affiche-youth-jeunes-2-eng.pdf"
"https://www.rcmp-grc.gc.ca/cycp-cpcj/dr-al/res/selfassinfl-autoevalinfl-eng.pdf","application/pdf","200","OK","Indexable","","","0","0","","0","0","","0","","0","","0","","","","","","","","","4636592","0","0.0","5","1","1","1","0.05","0","0","","","","0.07","Fri, 30 Aug 2013 17:52:42 GMT","","","https://www.rcmp-grc.gc.ca/cycp-cpcj/dr-al/res/selfassinfl-autoevalinfl-eng.pdf"
"https://www.rcmp-grc.gc.ca/cycp-cpcj/dr-al/res/cc/guide/cc-eng.pdf","application/pdf","200","OK","Indexable","","","0","0","","0","0","","0","","0","","0","","","","","","","","","3216330","0","0.0","5","1","1","1","0.05","0","0","","","","0.2","Tue, 10 Dec 2013 16:11:56 GMT","","","https://www.rcmp-grc.gc.ca/cycp-cpcj/dr-al/res/cc/guide/cc-eng.pdf"
"https://www.rcmp-grc.gc.ca/cycp-cpcj/dd-dv/pdf/did-brochure-cfad-fra.pdf","application/pdf","200","OK","Indexable","","","0","0","","0","0","","0","","0","","0","","","","","","","","","877162","0","0.0","6","1","1","1","0.05","0","0","","","","0.081","Wed, 23 Jan 2019 14:55:40 GMT","","","https://www.rcmp-grc.gc.ca/cycp-cpcj/dd-dv/pdf/did-brochure-cfad-fra.pdf"
"https://www.rcmp-grc.gc.ca/cycp-cpcj/bull-inti/pdf/bully-int-eng.pdf","application/pdf","200","OK","Indexable","","","0","0","","0","0","","0","","0","","0","","","","","","","","","1767378","0","0.0","6","1","1","1","0.05","0","0","","","","0.086","Tue, 07 Aug 2018 14:22:24 GMT","","","https://www.rcmp-grc.gc.ca/cycp-cpcj/bull-inti/pdf/bully-int-eng.pdf"
"https://www.rcmp-grc.gc.ca/cycp-cpcj/dr-al/res/selfassinfl-autoevalinfl-fra.pdf","application/pdf","200","OK","Indexable","","","0","0","","0","0","","0","","0","","0","","","","","","","","","5077834","0","0.0","6","1","1","1","0.05","0","0","","","","0.087","Fri, 30 Aug 2013 17:53:49 GMT","","","https://www.rcmp-grc.gc.ca/cycp-cpcj/dr-al/res/selfassinfl-autoevalinfl-fra.pdf"
"https://www.rcmp-grc.gc.ca/cycp-cpcj/dr-al/res/cc/guide/cc-fra.pdf","application/pdf","200","OK","Indexable","","","0","0","","0","0","","0","","0","","0","","","","","","","","","4022520","0","0.0","6","1","1","1","0.05","0","0","","","","0.071","Tue, 10 Dec 2013 16:11:59 GMT","","","https://www.rcmp-grc.gc.ca/cycp-cpcj/dr-al/res/cc/guide/cc-fra.pdf"
"https://www.rcmp-grc.gc.ca/ht-tp/publications/booklet-brochure-youth-jeunes-fra.pdf","application/pdf","200","OK","Indexable","","","0","0","","0","0","","0","","0","","0","","","","","","","","","2998767","0","0.0","6","1","1","1","0.05","0","0","","","","0.088","Mon, 24 Feb 2020 18:38:16 GMT","","","https://www.rcmp-grc.gc.ca/ht-tp/publications/booklet-brochure-youth-jeunes-fra.pdf"
"https://www.rcmp-grc.gc.ca/ht-tp/publications/poster-affiche-youth-jeunes-3-fra.pdf","application/pdf","200","OK","Indexable","","","0","0","","0","0","","0","","0","","0","","","","","","","","","1127180","0","0.0","6","1","1","1","0.05","0","0","","","","0.144","Mon, 24 Feb 2020 18:38:29 GMT","","","https://www.rcmp-grc.gc.ca/ht-tp/publications/poster-affiche-youth-jeunes-3-fra.pdf"
"https://www.rcmp-grc.gc.ca/ht-tp/publications/poster-affiche-youth-jeunes-4-fra.pdf","application/pdf","200","OK","Indexable","","","0","0","","0","0","","0","","0","","0","","","","","","","","","1224061","0","0.0","6","1","1","1","0.05","0","0","","","","0.144","Mon, 24 Feb 2020 18:38:31 GMT","","","https://www.rcmp-grc.gc.ca/ht-tp/publications/poster-affiche-youth-jeunes-4-fra.pdf"
"https://www.rcmp-grc.gc.ca/ht-tp/publications/poster-affiche-youth-jeunes-5-fra.pdf","application/pdf","200","OK","Indexable","","","0","0","","0","0","","0","","0","","0","","","","","","","","","1160636","0","0.0","6","1","1","1","0.05","0","0","","","","0.176","Mon, 24 Feb 2020 18:38:33 GMT","","","https://www.rcmp-grc.gc.ca/ht-tp/publications/poster-affiche-youth-jeunes-5-fra.pdf"
"https://www.rcmp-grc.gc.ca/ht-tp/publications/poster-affiche-youth-jeunes-1-fra.pdf","application/pdf","200","OK","Indexable","","","0","0","","0","0","","0","","0","","0","","","","","","","","","1137785","0","0.0","6","1","1","1","0.05","0","0","","","","0.213","Mon, 24 Feb 2020 18:38:24 GMT","","","https://www.rcmp-grc.gc.ca/ht-tp/publications/poster-affiche-youth-jeunes-1-fra.pdf"
"https://www.rcmp-grc.gc.ca/ht-tp/publications/poster-affiche-youth-jeunes-2-fra.pdf","application/pdf","200","OK","Indexable","","","0","0","","0","0","","0","","0","","0","","","","","","","","","1093612","0","0.0","6","1","1","1","0.05","0","0","","","","0.248","Mon, 24 Feb 2020 18:38:27 GMT","","","https://www.rcmp-grc.gc.ca/ht-tp/publications/poster-affiche-youth-jeunes-2-fra.pdf"
"https://www.rcmp-grc.gc.ca/cycp-cpcj/dd-dv/pdf/did-brochure-cfad-eng.pdf","application/pdf","200","OK","Indexable","","","0","0","","0","0","","0","","0","","0","","","","","","","","","898386","0","0.0","7","1","1","1","0.05","0","0","","","","0.086","Wed, 23 Jan 2019 14:55:37 GMT","","","https://www.rcmp-grc.gc.ca/cycp-cpcj/dd-dv/pdf/did-brochure-cfad-eng.pdf"
