"csvline","url","filename","local_path","encrypted","decrypt_pass","istagged","pages","toc","form","fields","tables","word_count","char_count","words_per_page","chars_per_word","image_count","%_img_per_page","ocr_risk","author","creator","producer","subject","title","text"
"2","https://www.drupal.com/","[Errno 2] No such file or directory: 'E:\\PROJECTS\\perception-dev-3\\REPORTS\\DRUPAL\\PDF\\PDFs\\'","PDF FAILED TO OPEN:E:\PROJECTS\perception-dev-3\REPORTS\DRUPAL\PDF\PDFs\","","","","","","","","","","","","","","","","","","","","","",""
"3","https://www.drupal.com/advertise","advertise","E:\PROJECTS\perception-dev-3\REPORTS\DRUPAL\PDF\PDFs\advertise","FAILED: EOF marker not found","NA","IsTagged: type object 'PDFDocument' has no attribute 'is_extractable'","Page Count: type object 'PDFDocument' has no attribute 'is_extractable'","TRUE","FORMS: getFields() missing 1 required positional argument: 'self'","FIELDS: getFields() missing 1 required positional argument: 'self'","NOT RUN","getNumPages() missing 1 required positional argument: 'self' :: TEXT sample failed!!","getNumPages() missing 1 required positional argument: 'self' :: TEXT sample failed!!","unsupported operand type(s) for /: 'str' and 'str' :: WORD METRICS failed!!","unsupported operand type(s) for /: 'str' and 'str' :: WORD METRICS failed!!","1","IMG: float division by zero","OCR: '>' not supported between instances of 'type' and 'int'","AUTHOR: 'property' object has no attribute 'author'","CREATOR: 'property' object has no attribute 'creator'","PRODUCER: 'property' object has no attribute 'producer'","SUBJECT: 'property' object has no attribute 'subject'","TITLE: 'property' object has no attribute 'title'","getNumPages() missing 1 required positional argument: 'self' :: TEXT sample failed!!"
"4","https://www.drupal.com/contact/advertising","advertising","E:\PROJECTS\perception-dev-3\REPORTS\DRUPAL\PDF\PDFs\advertising","FAILED: EOF marker not found","NA","IsTagged: type object 'PDFDocument' has no attribute 'is_extractable'","Page Count: type object 'PDFDocument' has no attribute 'is_extractable'","TRUE","FORMS: getFields() missing 1 required positional argument: 'self'","FIELDS: getFields() missing 1 required positional argument: 'self'","NOT RUN","getNumPages() missing 1 required positional argument: 'self' :: TEXT sample failed!!","getNumPages() missing 1 required positional argument: 'self' :: TEXT sample failed!!","unsupported operand type(s) for /: 'str' and 'str' :: WORD METRICS failed!!","unsupported operand type(s) for /: 'str' and 'str' :: WORD METRICS failed!!","1","IMG: float division by zero","OCR: '>' not supported between instances of 'type' and 'int'","AUTHOR: 'property' object has no attribute 'author'","CREATOR: 'property' object has no attribute 'creator'","PRODUCER: 'property' object has no attribute 'producer'","SUBJECT: 'property' object has no attribute 'subject'","TITLE: 'property' object has no attribute 'title'","getNumPages() missing 1 required positional argument: 'self' :: TEXT sample failed!!"
"5","https://www.drupal.com/contact/case-study-submission","case-study-submission","E:\PROJECTS\perception-dev-3\REPORTS\DRUPAL\PDF\PDFs\case-study-submission","FAILED: EOF marker not found","NA","IsTagged: type object 'PDFDocument' has no attribute 'is_extractable'","Page Count: type object 'PDFDocument' has no attribute 'is_extractable'","TRUE","FORMS: getFields() missing 1 required positional argument: 'self'","FIELDS: getFields() missing 1 required positional argument: 'self'","NOT RUN","getNumPages() missing 1 required positional argument: 'self' :: TEXT sample failed!!","getNumPages() missing 1 required positional argument: 'self' :: TEXT sample failed!!","unsupported operand type(s) for /: 'str' and 'str' :: WORD METRICS failed!!","unsupported operand type(s) for /: 'str' and 'str' :: WORD METRICS failed!!","1","IMG: float division by zero","OCR: '>' not supported between instances of 'type' and 'int'","AUTHOR: 'property' object has no attribute 'author'","CREATOR: 'property' object has no attribute 'creator'","PRODUCER: 'property' object has no attribute 'producer'","SUBJECT: 'property' object has no attribute 'subject'","TITLE: 'property' object has no attribute 'title'","getNumPages() missing 1 required positional argument: 'self' :: TEXT sample failed!!"
"7","https://www.drupal.com/why-use-drupal","why-use-drupal","E:\PROJECTS\perception-dev-3\REPORTS\DRUPAL\PDF\PDFs\why-use-drupal","FAILED: EOF marker not found","NA","IsTagged: type object 'PDFDocument' has no attribute 'is_extractable'","Page Count: type object 'PDFDocument' has no attribute 'is_extractable'","TRUE","FORMS: getFields() missing 1 required positional argument: 'self'","FIELDS: getFields() missing 1 required positional argument: 'self'","NOT RUN","getNumPages() missing 1 required positional argument: 'self' :: TEXT sample failed!!","getNumPages() missing 1 required positional argument: 'self' :: TEXT sample failed!!","unsupported operand type(s) for /: 'str' and 'str' :: WORD METRICS failed!!","unsupported operand type(s) for /: 'str' and 'str' :: WORD METRICS failed!!","1","IMG: float division by zero","OCR: '>' not supported between instances of 'type' and 'int'","AUTHOR: 'property' object has no attribute 'author'","CREATOR: 'property' object has no attribute 'creator'","PRODUCER: 'property' object has no attribute 'producer'","SUBJECT: 'property' object has no attribute 'subject'","TITLE: 'property' object has no attribute 'title'","getNumPages() missing 1 required positional argument: 'self' :: TEXT sample failed!!"
"8","https://www.drupal.com/feature/drupal-content-authoring","drupal-content-authoring","E:\PROJECTS\perception-dev-3\REPORTS\DRUPAL\PDF\PDFs\drupal-content-authoring","FAILED: EOF marker not found","NA","IsTagged: type object 'PDFDocument' has no attribute 'is_extractable'","Page Count: type object 'PDFDocument' has no attribute 'is_extractable'","TRUE","FORMS: getFields() missing 1 required positional argument: 'self'","FIELDS: getFields() missing 1 required positional argument: 'self'","NOT RUN","getNumPages() missing 1 required positional argument: 'self' :: TEXT sample failed!!","getNumPages() missing 1 required positional argument: 'self' :: TEXT sample failed!!","unsupported operand type(s) for /: 'str' and 'str' :: WORD METRICS failed!!","unsupported operand type(s) for /: 'str' and 'str' :: WORD METRICS failed!!","1","IMG: float division by zero","OCR: '>' not supported between instances of 'type' and 'int'","AUTHOR: 'property' object has no attribute 'author'","CREATOR: 'property' object has no attribute 'creator'","PRODUCER: 'property' object has no attribute 'producer'","SUBJECT: 'property' object has no attribute 'subject'","TITLE: 'property' object has no attribute 'title'","getNumPages() missing 1 required positional argument: 'self' :: TEXT sample failed!!"
"9","https://www.drupal.com/feature/security","security","E:\PROJECTS\perception-dev-3\REPORTS\DRUPAL\PDF\PDFs\security","FAILED: EOF marker not found","NA","IsTagged: type object 'PDFDocument' has no attribute 'is_extractable'","Page Count: type object 'PDFDocument' has no attribute 'is_extractable'","TRUE","FORMS: getFields() missing 1 required positional argument: 'self'","FIELDS: getFields() missing 1 required positional argument: 'self'","NOT RUN","getNumPages() missing 1 required positional argument: 'self' :: TEXT sample failed!!","getNumPages() missing 1 required positional argument: 'self' :: TEXT sample failed!!","unsupported operand type(s) for /: 'str' and 'str' :: WORD METRICS failed!!","unsupported operand type(s) for /: 'str' and 'str' :: WORD METRICS failed!!","1","IMG: float division by zero","OCR: '>' not supported between instances of 'type' and 'int'","AUTHOR: 'property' object has no attribute 'author'","CREATOR: 'property' object has no attribute 'creator'","PRODUCER: 'property' object has no attribute 'producer'","SUBJECT: 'property' object has no attribute 'subject'","TITLE: 'property' object has no attribute 'title'","getNumPages() missing 1 required positional argument: 'self' :: TEXT sample failed!!"
"10","https://www.drupal.com/feature/drupal-scalability","drupal-scalability","E:\PROJECTS\perception-dev-3\REPORTS\DRUPAL\PDF\PDFs\drupal-scalability","FAILED: EOF marker not found","NA","IsTagged: type object 'PDFDocument' has no attribute 'is_extractable'","Page Count: type object 'PDFDocument' has no attribute 'is_extractable'","TRUE","FORMS: getFields() missing 1 required positional argument: 'self'","FIELDS: getFields() missing 1 required positional argument: 'self'","NOT RUN","getNumPages() missing 1 required positional argument: 'self' :: TEXT sample failed!!","getNumPages() missing 1 required positional argument: 'self' :: TEXT sample failed!!","unsupported operand type(s) for /: 'str' and 'str' :: WORD METRICS failed!!","unsupported operand type(s) for /: 'str' and 'str' :: WORD METRICS failed!!","1","IMG: float division by zero","OCR: '>' not supported between instances of 'type' and 'int'","AUTHOR: 'property' object has no attribute 'author'","CREATOR: 'property' object has no attribute 'creator'","PRODUCER: 'property' object has no attribute 'producer'","SUBJECT: 'property' object has no attribute 'subject'","TITLE: 'property' object has no attribute 'title'","getNumPages() missing 1 required positional argument: 'self' :: TEXT sample failed!!"
"11","https://www.drupal.com/trademark","trademark","E:\PROJECTS\perception-dev-3\REPORTS\DRUPAL\PDF\PDFs\trademark","FAILED: EOF marker not found","NA","IsTagged: type object 'PDFDocument' has no attribute 'is_extractable'","Page Count: type object 'PDFDocument' has no attribute 'is_extractable'","TRUE","FORMS: getFields() missing 1 required positional argument: 'self'","FIELDS: getFields() missing 1 required positional argument: 'self'","NOT RUN","getNumPages() missing 1 required positional argument: 'self' :: TEXT sample failed!!","getNumPages() missing 1 required positional argument: 'self' :: TEXT sample failed!!","unsupported operand type(s) for /: 'str' and 'str' :: WORD METRICS failed!!","unsupported operand type(s) for /: 'str' and 'str' :: WORD METRICS failed!!","1","IMG: float division by zero","OCR: '>' not supported between instances of 'type' and 'int'","AUTHOR: 'property' object has no attribute 'author'","CREATOR: 'property' object has no attribute 'creator'","PRODUCER: 'property' object has no attribute 'producer'","SUBJECT: 'property' object has no attribute 'subject'","TITLE: 'property' object has no attribute 'title'","getNumPages() missing 1 required positional argument: 'self' :: TEXT sample failed!!"
"12","https://www.drupal.com/product/web-content-management","web-content-management","E:\PROJECTS\perception-dev-3\REPORTS\DRUPAL\PDF\PDFs\web-content-management","FAILED: EOF marker not found","NA","IsTagged: type object 'PDFDocument' has no attribute 'is_extractable'","Page Count: type object 'PDFDocument' has no attribute 'is_extractable'","TRUE","FORMS: getFields() missing 1 required positional argument: 'self'","FIELDS: getFields() missing 1 required positional argument: 'self'","NOT RUN","getNumPages() missing 1 required positional argument: 'self' :: TEXT sample failed!!","getNumPages() missing 1 required positional argument: 'self' :: TEXT sample failed!!","unsupported operand type(s) for /: 'str' and 'str' :: WORD METRICS failed!!","unsupported operand type(s) for /: 'str' and 'str' :: WORD METRICS failed!!","1","IMG: float division by zero","OCR: '>' not supported between instances of 'type' and 'int'","AUTHOR: 'property' object has no attribute 'author'","CREATOR: 'property' object has no attribute 'creator'","PRODUCER: 'property' object has no attribute 'producer'","SUBJECT: 'property' object has no attribute 'subject'","TITLE: 'property' object has no attribute 'title'","getNumPages() missing 1 required positional argument: 'self' :: TEXT sample failed!!"
"13","https://www.drupal.com/feature/multilingual","multilingual","E:\PROJECTS\perception-dev-3\REPORTS\DRUPAL\PDF\PDFs\multilingual","FAILED: EOF marker not found","NA","IsTagged: type object 'PDFDocument' has no attribute 'is_extractable'","Page Count: type object 'PDFDocument' has no attribute 'is_extractable'","TRUE","FORMS: getFields() missing 1 required positional argument: 'self'","FIELDS: getFields() missing 1 required positional argument: 'self'","NOT RUN","getNumPages() missing 1 required positional argument: 'self' :: TEXT sample failed!!","getNumPages() missing 1 required positional argument: 'self' :: TEXT sample failed!!","unsupported operand type(s) for /: 'str' and 'str' :: WORD METRICS failed!!","unsupported operand type(s) for /: 'str' and 'str' :: WORD METRICS failed!!","1","IMG: float division by zero","OCR: '>' not supported between instances of 'type' and 'int'","AUTHOR: 'property' object has no attribute 'author'","CREATOR: 'property' object has no attribute 'creator'","PRODUCER: 'property' object has no attribute 'producer'","SUBJECT: 'property' object has no attribute 'subject'","TITLE: 'property' object has no attribute 'title'","getNumPages() missing 1 required positional argument: 'self' :: TEXT sample failed!!"
"14","https://www.drupal.com/get-started-with-drupal","get-started-with-drupal","E:\PROJECTS\perception-dev-3\REPORTS\DRUPAL\PDF\PDFs\get-started-with-drupal","FAILED: EOF marker not found","NA","IsTagged: type object 'PDFDocument' has no attribute 'is_extractable'","Page Count: type object 'PDFDocument' has no attribute 'is_extractable'","TRUE","FORMS: getFields() missing 1 required positional argument: 'self'","FIELDS: getFields() missing 1 required positional argument: 'self'","NOT RUN","getNumPages() missing 1 required positional argument: 'self' :: TEXT sample failed!!","getNumPages() missing 1 required positional argument: 'self' :: TEXT sample failed!!","unsupported operand type(s) for /: 'str' and 'str' :: WORD METRICS failed!!","unsupported operand type(s) for /: 'str' and 'str' :: WORD METRICS failed!!","1","IMG: float division by zero","OCR: '>' not supported between instances of 'type' and 'int'","AUTHOR: 'property' object has no attribute 'author'","CREATOR: 'property' object has no attribute 'creator'","PRODUCER: 'property' object has no attribute 'producer'","SUBJECT: 'property' object has no attribute 'subject'","TITLE: 'property' object has no attribute 'title'","getNumPages() missing 1 required positional argument: 'self' :: TEXT sample failed!!"
"15","https://www.drupal.com/feature/content-as-a-service","content-as-a-service","E:\PROJECTS\perception-dev-3\REPORTS\DRUPAL\PDF\PDFs\content-as-a-service","FAILED: EOF marker not found","NA","IsTagged: type object 'PDFDocument' has no attribute 'is_extractable'","Page Count: type object 'PDFDocument' has no attribute 'is_extractable'","TRUE","FORMS: getFields() missing 1 required positional argument: 'self'","FIELDS: getFields() missing 1 required positional argument: 'self'","NOT RUN","getNumPages() missing 1 required positional argument: 'self' :: TEXT sample failed!!","getNumPages() missing 1 required positional argument: 'self' :: TEXT sample failed!!","unsupported operand type(s) for /: 'str' and 'str' :: WORD METRICS failed!!","unsupported operand type(s) for /: 'str' and 'str' :: WORD METRICS failed!!","1","IMG: float division by zero","OCR: '>' not supported between instances of 'type' and 'int'","AUTHOR: 'property' object has no attribute 'author'","CREATOR: 'property' object has no attribute 'creator'","PRODUCER: 'property' object has no attribute 'producer'","SUBJECT: 'property' object has no attribute 'subject'","TITLE: 'property' object has no attribute 'title'","getNumPages() missing 1 required positional argument: 'self' :: TEXT sample failed!!"
"16","https://www.drupal.com/product/commerce","commerce","E:\PROJECTS\perception-dev-3\REPORTS\DRUPAL\PDF\PDFs\commerce","FAILED: EOF marker not found","NA","IsTagged: type object 'PDFDocument' has no attribute 'is_extractable'","Page Count: type object 'PDFDocument' has no attribute 'is_extractable'","TRUE","FORMS: getFields() missing 1 required positional argument: 'self'","FIELDS: getFields() missing 1 required positional argument: 'self'","NOT RUN","getNumPages() missing 1 required positional argument: 'self' :: TEXT sample failed!!","getNumPages() missing 1 required positional argument: 'self' :: TEXT sample failed!!","unsupported operand type(s) for /: 'str' and 'str' :: WORD METRICS failed!!","unsupported operand type(s) for /: 'str' and 'str' :: WORD METRICS failed!!","1","IMG: float division by zero","OCR: '>' not supported between instances of 'type' and 'int'","AUTHOR: 'property' object has no attribute 'author'","CREATOR: 'property' object has no attribute 'creator'","PRODUCER: 'property' object has no attribute 'producer'","SUBJECT: 'property' object has no attribute 'subject'","TITLE: 'property' object has no attribute 'title'","getNumPages() missing 1 required positional argument: 'self' :: TEXT sample failed!!"
"17","https://www.drupal.com/showcases","showcases","E:\PROJECTS\perception-dev-3\REPORTS\DRUPAL\PDF\PDFs\showcases","FAILED: EOF marker not found","NA","IsTagged: type object 'PDFDocument' has no attribute 'is_extractable'","Page Count: type object 'PDFDocument' has no attribute 'is_extractable'","TRUE","FORMS: getFields() missing 1 required positional argument: 'self'","FIELDS: getFields() missing 1 required positional argument: 'self'","NOT RUN","getNumPages() missing 1 required positional argument: 'self' :: TEXT sample failed!!","getNumPages() missing 1 required positional argument: 'self' :: TEXT sample failed!!","unsupported operand type(s) for /: 'str' and 'str' :: WORD METRICS failed!!","unsupported operand type(s) for /: 'str' and 'str' :: WORD METRICS failed!!","1","IMG: float division by zero","OCR: '>' not supported between instances of 'type' and 'int'","AUTHOR: 'property' object has no attribute 'author'","CREATOR: 'property' object has no attribute 'creator'","PRODUCER: 'property' object has no attribute 'producer'","SUBJECT: 'property' object has no attribute 'subject'","TITLE: 'property' object has no attribute 'title'","getNumPages() missing 1 required positional argument: 'self' :: TEXT sample failed!!"
"18","https://www.drupal.com/case-study/economist-espresso-app-drupal","economist-espresso-app-drupal","E:\PROJECTS\perception-dev-3\REPORTS\DRUPAL\PDF\PDFs\economist-espresso-app-drupal","FAILED: EOF marker not found","NA","IsTagged: type object 'PDFDocument' has no attribute 'is_extractable'","Page Count: type object 'PDFDocument' has no attribute 'is_extractable'","TRUE","FORMS: getFields() missing 1 required positional argument: 'self'","FIELDS: getFields() missing 1 required positional argument: 'self'","NOT RUN","getNumPages() missing 1 required positional argument: 'self' :: TEXT sample failed!!","getNumPages() missing 1 required positional argument: 'self' :: TEXT sample failed!!","unsupported operand type(s) for /: 'str' and 'str' :: WORD METRICS failed!!","unsupported operand type(s) for /: 'str' and 'str' :: WORD METRICS failed!!","1","IMG: float division by zero","OCR: '>' not supported between instances of 'type' and 'int'","AUTHOR: 'property' object has no attribute 'author'","CREATOR: 'property' object has no attribute 'creator'","PRODUCER: 'property' object has no attribute 'producer'","SUBJECT: 'property' object has no attribute 'subject'","TITLE: 'property' object has no attribute 'title'","getNumPages() missing 1 required positional argument: 'self' :: TEXT sample failed!!"
"19","https://www.drupal.com/contact/trademark","trademark","E:\PROJECTS\perception-dev-3\REPORTS\DRUPAL\PDF\PDFs\trademark","FAILED: EOF marker not found","NA","IsTagged: type object 'PDFDocument' has no attribute 'is_extractable'","Page Count: type object 'PDFDocument' has no attribute 'is_extractable'","TRUE","FORMS: getFields() missing 1 required positional argument: 'self'","FIELDS: getFields() missing 1 required positional argument: 'self'","NOT RUN","getNumPages() missing 1 required positional argument: 'self' :: TEXT sample failed!!","getNumPages() missing 1 required positional argument: 'self' :: TEXT sample failed!!","unsupported operand type(s) for /: 'str' and 'str' :: WORD METRICS failed!!","unsupported operand type(s) for /: 'str' and 'str' :: WORD METRICS failed!!","1","IMG: float division by zero","OCR: '>' not supported between instances of 'type' and 'int'","AUTHOR: 'property' object has no attribute 'author'","CREATOR: 'property' object has no attribute 'creator'","PRODUCER: 'property' object has no attribute 'producer'","SUBJECT: 'property' object has no attribute 'subject'","TITLE: 'property' object has no attribute 'title'","getNumPages() missing 1 required positional argument: 'self' :: TEXT sample failed!!"
"20","https://www.drupal.com/filter/tips","tips","E:\PROJECTS\perception-dev-3\REPORTS\DRUPAL\PDF\PDFs\tips","FAILED: EOF marker not found","NA","IsTagged: type object 'PDFDocument' has no attribute 'is_extractable'","Page Count: type object 'PDFDocument' has no attribute 'is_extractable'","TRUE","FORMS: getFields() missing 1 required positional argument: 'self'","FIELDS: getFields() missing 1 required positional argument: 'self'","NOT RUN","getNumPages() missing 1 required positional argument: 'self' :: TEXT sample failed!!","getNumPages() missing 1 required positional argument: 'self' :: TEXT sample failed!!","unsupported operand type(s) for /: 'str' and 'str' :: WORD METRICS failed!!","unsupported operand type(s) for /: 'str' and 'str' :: WORD METRICS failed!!","1","IMG: float division by zero","OCR: '>' not supported between instances of 'type' and 'int'","AUTHOR: 'property' object has no attribute 'author'","CREATOR: 'property' object has no attribute 'creator'","PRODUCER: 'property' object has no attribute 'producer'","SUBJECT: 'property' object has no attribute 'subject'","TITLE: 'property' object has no attribute 'title'","getNumPages() missing 1 required positional argument: 'self' :: TEXT sample failed!!"
"21","https://www.drupal.com/case-study/fiji-travel","fiji-travel","E:\PROJECTS\perception-dev-3\REPORTS\DRUPAL\PDF\PDFs\fiji-travel","FAILED: EOF marker not found","NA","IsTagged: type object 'PDFDocument' has no attribute 'is_extractable'","Page Count: type object 'PDFDocument' has no attribute 'is_extractable'","TRUE","FORMS: getFields() missing 1 required positional argument: 'self'","FIELDS: getFields() missing 1 required positional argument: 'self'","NOT RUN","getNumPages() missing 1 required positional argument: 'self' :: TEXT sample failed!!","getNumPages() missing 1 required positional argument: 'self' :: TEXT sample failed!!","unsupported operand type(s) for /: 'str' and 'str' :: WORD METRICS failed!!","unsupported operand type(s) for /: 'str' and 'str' :: WORD METRICS failed!!","1","IMG: float division by zero","OCR: '>' not supported between instances of 'type' and 'int'","AUTHOR: 'property' object has no attribute 'author'","CREATOR: 'property' object has no attribute 'creator'","PRODUCER: 'property' object has no attribute 'producer'","SUBJECT: 'property' object has no attribute 'subject'","TITLE: 'property' object has no attribute 'title'","getNumPages() missing 1 required positional argument: 'self' :: TEXT sample failed!!"
"22","https://www.drupal.com/trademark/apply","apply","E:\PROJECTS\perception-dev-3\REPORTS\DRUPAL\PDF\PDFs\apply","FAILED: EOF marker not found","NA","IsTagged: type object 'PDFDocument' has no attribute 'is_extractable'","Page Count: type object 'PDFDocument' has no attribute 'is_extractable'","TRUE","FORMS: getFields() missing 1 required positional argument: 'self'","FIELDS: getFields() missing 1 required positional argument: 'self'","NOT RUN","getNumPages() missing 1 required positional argument: 'self' :: TEXT sample failed!!","getNumPages() missing 1 required positional argument: 'self' :: TEXT sample failed!!","unsupported operand type(s) for /: 'str' and 'str' :: WORD METRICS failed!!","unsupported operand type(s) for /: 'str' and 'str' :: WORD METRICS failed!!","1","IMG: float division by zero","OCR: '>' not supported between instances of 'type' and 'int'","AUTHOR: 'property' object has no attribute 'author'","CREATOR: 'property' object has no attribute 'creator'","PRODUCER: 'property' object has no attribute 'producer'","SUBJECT: 'property' object has no attribute 'subject'","TITLE: 'property' object has no attribute 'title'","getNumPages() missing 1 required positional argument: 'self' :: TEXT sample failed!!"
"23","https://www.drupal.com/trademark/changelog","changelog","E:\PROJECTS\perception-dev-3\REPORTS\DRUPAL\PDF\PDFs\changelog","FAILED: EOF marker not found","NA","IsTagged: type object 'PDFDocument' has no attribute 'is_extractable'","Page Count: type object 'PDFDocument' has no attribute 'is_extractable'","TRUE","FORMS: getFields() missing 1 required positional argument: 'self'","FIELDS: getFields() missing 1 required positional argument: 'self'","NOT RUN","getNumPages() missing 1 required positional argument: 'self' :: TEXT sample failed!!","getNumPages() missing 1 required positional argument: 'self' :: TEXT sample failed!!","unsupported operand type(s) for /: 'str' and 'str' :: WORD METRICS failed!!","unsupported operand type(s) for /: 'str' and 'str' :: WORD METRICS failed!!","1","IMG: float division by zero","OCR: '>' not supported between instances of 'type' and 'int'","AUTHOR: 'property' object has no attribute 'author'","CREATOR: 'property' object has no attribute 'creator'","PRODUCER: 'property' object has no attribute 'producer'","SUBJECT: 'property' object has no attribute 'subject'","TITLE: 'property' object has no attribute 'title'","getNumPages() missing 1 required positional argument: 'self' :: TEXT sample failed!!"
"24","https://www.drupal.com/trademark/report-violation","report-violation","E:\PROJECTS\perception-dev-3\REPORTS\DRUPAL\PDF\PDFs\report-violation","FAILED: EOF marker not found","NA","IsTagged: type object 'PDFDocument' has no attribute 'is_extractable'","Page Count: type object 'PDFDocument' has no attribute 'is_extractable'","TRUE","FORMS: getFields() missing 1 required positional argument: 'self'","FIELDS: getFields() missing 1 required positional argument: 'self'","NOT RUN","getNumPages() missing 1 required positional argument: 'self' :: TEXT sample failed!!","getNumPages() missing 1 required positional argument: 'self' :: TEXT sample failed!!","unsupported operand type(s) for /: 'str' and 'str' :: WORD METRICS failed!!","unsupported operand type(s) for /: 'str' and 'str' :: WORD METRICS failed!!","1","IMG: float division by zero","OCR: '>' not supported between instances of 'type' and 'int'","AUTHOR: 'property' object has no attribute 'author'","CREATOR: 'property' object has no attribute 'creator'","PRODUCER: 'property' object has no attribute 'producer'","SUBJECT: 'property' object has no attribute 'subject'","TITLE: 'property' object has no attribute 'title'","getNumPages() missing 1 required positional argument: 'self' :: TEXT sample failed!!"
"25","https://www.drupal.com/trademark/download","download","E:\PROJECTS\perception-dev-3\REPORTS\DRUPAL\PDF\PDFs\download","FAILED: EOF marker not found","NA","IsTagged: type object 'PDFDocument' has no attribute 'is_extractable'","Page Count: type object 'PDFDocument' has no attribute 'is_extractable'","TRUE","FORMS: getFields() missing 1 required positional argument: 'self'","FIELDS: getFields() missing 1 required positional argument: 'self'","NOT RUN","getNumPages() missing 1 required positional argument: 'self' :: TEXT sample failed!!","getNumPages() missing 1 required positional argument: 'self' :: TEXT sample failed!!","unsupported operand type(s) for /: 'str' and 'str' :: WORD METRICS failed!!","unsupported operand type(s) for /: 'str' and 'str' :: WORD METRICS failed!!","1","IMG: float division by zero","OCR: '>' not supported between instances of 'type' and 'int'","AUTHOR: 'property' object has no attribute 'author'","CREATOR: 'property' object has no attribute 'creator'","PRODUCER: 'property' object has no attribute 'producer'","SUBJECT: 'property' object has no attribute 'subject'","TITLE: 'property' object has no attribute 'title'","getNumPages() missing 1 required positional argument: 'self' :: TEXT sample failed!!"
"26","https://www.drupal.com/case-study/timex","timex","E:\PROJECTS\perception-dev-3\REPORTS\DRUPAL\PDF\PDFs\timex","FAILED: EOF marker not found","NA","IsTagged: type object 'PDFDocument' has no attribute 'is_extractable'","Page Count: type object 'PDFDocument' has no attribute 'is_extractable'","TRUE","FORMS: getFields() missing 1 required positional argument: 'self'","FIELDS: getFields() missing 1 required positional argument: 'self'","NOT RUN","getNumPages() missing 1 required positional argument: 'self' :: TEXT sample failed!!","getNumPages() missing 1 required positional argument: 'self' :: TEXT sample failed!!","unsupported operand type(s) for /: 'str' and 'str' :: WORD METRICS failed!!","unsupported operand type(s) for /: 'str' and 'str' :: WORD METRICS failed!!","1","IMG: float division by zero","OCR: '>' not supported between instances of 'type' and 'int'","AUTHOR: 'property' object has no attribute 'author'","CREATOR: 'property' object has no attribute 'creator'","PRODUCER: 'property' object has no attribute 'producer'","SUBJECT: 'property' object has no attribute 'subject'","TITLE: 'property' object has no attribute 'title'","getNumPages() missing 1 required positional argument: 'self' :: TEXT sample failed!!"
"27","https://www.drupal.com/showcases?page=2","[Errno 22] Invalid argument: 'E:\\PROJECTS\\perception-dev-3\\REPORTS\\DRUPAL\\PDF\\PDFs\\showcases?page=2'","PDF FAILED TO OPEN:E:\PROJECTS\perception-dev-3\REPORTS\DRUPAL\PDF\PDFs\showcases?page=2","","","","","","","","","","","","","","","","","","","","","",""
"28","https://www.drupal.com/showcases?page=1","[Errno 22] Invalid argument: 'E:\\PROJECTS\\perception-dev-3\\REPORTS\\DRUPAL\\PDF\\PDFs\\showcases?page=1'","PDF FAILED TO OPEN:E:\PROJECTS\perception-dev-3\REPORTS\DRUPAL\PDF\PDFs\showcases?page=1","","","","","","","","","","","","","","","","","","","","","",""
"29","https://www.drupal.com/showcases?page=0","[Errno 22] Invalid argument: 'E:\\PROJECTS\\perception-dev-3\\REPORTS\\DRUPAL\\PDF\\PDFs\\showcases?page=0'","PDF FAILED TO OPEN:E:\PROJECTS\perception-dev-3\REPORTS\DRUPAL\PDF\PDFs\showcases?page=0","","","","","","","","","","","","","","","","","","","","","",""
"30","https://www.drupal.com/case-study/avio","avio","E:\PROJECTS\perception-dev-3\REPORTS\DRUPAL\PDF\PDFs\avio","FAILED: EOF marker not found","NA","IsTagged: type object 'PDFDocument' has no attribute 'is_extractable'","Page Count: type object 'PDFDocument' has no attribute 'is_extractable'","TRUE","FORMS: getFields() missing 1 required positional argument: 'self'","FIELDS: getFields() missing 1 required positional argument: 'self'","NOT RUN","getNumPages() missing 1 required positional argument: 'self' :: TEXT sample failed!!","getNumPages() missing 1 required positional argument: 'self' :: TEXT sample failed!!","unsupported operand type(s) for /: 'str' and 'str' :: WORD METRICS failed!!","unsupported operand type(s) for /: 'str' and 'str' :: WORD METRICS failed!!","1","IMG: float division by zero","OCR: '>' not supported between instances of 'type' and 'int'","AUTHOR: 'property' object has no attribute 'author'","CREATOR: 'property' object has no attribute 'creator'","PRODUCER: 'property' object has no attribute 'producer'","SUBJECT: 'property' object has no attribute 'subject'","TITLE: 'property' object has no attribute 'title'","getNumPages() missing 1 required positional argument: 'self' :: TEXT sample failed!!"
"31","https://www.drupal.com/case-study/savant","savant","E:\PROJECTS\perception-dev-3\REPORTS\DRUPAL\PDF\PDFs\savant","FAILED: EOF marker not found","NA","IsTagged: type object 'PDFDocument' has no attribute 'is_extractable'","Page Count: type object 'PDFDocument' has no attribute 'is_extractable'","TRUE","FORMS: getFields() missing 1 required positional argument: 'self'","FIELDS: getFields() missing 1 required positional argument: 'self'","NOT RUN","getNumPages() missing 1 required positional argument: 'self' :: TEXT sample failed!!","getNumPages() missing 1 required positional argument: 'self' :: TEXT sample failed!!","unsupported operand type(s) for /: 'str' and 'str' :: WORD METRICS failed!!","unsupported operand type(s) for /: 'str' and 'str' :: WORD METRICS failed!!","1","IMG: float division by zero","OCR: '>' not supported between instances of 'type' and 'int'","AUTHOR: 'property' object has no attribute 'author'","CREATOR: 'property' object has no attribute 'creator'","PRODUCER: 'property' object has no attribute 'producer'","SUBJECT: 'property' object has no attribute 'subject'","TITLE: 'property' object has no attribute 'title'","getNumPages() missing 1 required positional argument: 'self' :: TEXT sample failed!!"
"32","https://www.drupal.com/case-study/rush-university-medical-center","rush-university-medical-center","E:\PROJECTS\perception-dev-3\REPORTS\DRUPAL\PDF\PDFs\rush-university-medical-center","FAILED: EOF marker not found","NA","IsTagged: type object 'PDFDocument' has no attribute 'is_extractable'","Page Count: type object 'PDFDocument' has no attribute 'is_extractable'","TRUE","FORMS: getFields() missing 1 required positional argument: 'self'","FIELDS: getFields() missing 1 required positional argument: 'self'","NOT RUN","getNumPages() missing 1 required positional argument: 'self' :: TEXT sample failed!!","getNumPages() missing 1 required positional argument: 'self' :: TEXT sample failed!!","unsupported operand type(s) for /: 'str' and 'str' :: WORD METRICS failed!!","unsupported operand type(s) for /: 'str' and 'str' :: WORD METRICS failed!!","1","IMG: float division by zero","OCR: '>' not supported between instances of 'type' and 'int'","AUTHOR: 'property' object has no attribute 'author'","CREATOR: 'property' object has no attribute 'creator'","PRODUCER: 'property' object has no attribute 'producer'","SUBJECT: 'property' object has no attribute 'subject'","TITLE: 'property' object has no attribute 'title'","getNumPages() missing 1 required positional argument: 'self' :: TEXT sample failed!!"
"33","https://www.drupal.com/showcases?page=5","[Errno 22] Invalid argument: 'E:\\PROJECTS\\perception-dev-3\\REPORTS\\DRUPAL\\PDF\\PDFs\\showcases?page=5'","PDF FAILED TO OPEN:E:\PROJECTS\perception-dev-3\REPORTS\DRUPAL\PDF\PDFs\showcases?page=5","","","","","","","","","","","","","","","","","","","","","",""
"34","https://www.drupal.com/showcases?page=3","[Errno 22] Invalid argument: 'E:\\PROJECTS\\perception-dev-3\\REPORTS\\DRUPAL\\PDF\\PDFs\\showcases?page=3'","PDF FAILED TO OPEN:E:\PROJECTS\perception-dev-3\REPORTS\DRUPAL\PDF\PDFs\showcases?page=3","","","","","","","","","","","","","","","","","","","","","",""
"35","https://www.drupal.com/case-study/myrevera","myrevera","E:\PROJECTS\perception-dev-3\REPORTS\DRUPAL\PDF\PDFs\myrevera","FAILED: EOF marker not found","NA","IsTagged: type object 'PDFDocument' has no attribute 'is_extractable'","Page Count: type object 'PDFDocument' has no attribute 'is_extractable'","TRUE","FORMS: getFields() missing 1 required positional argument: 'self'","FIELDS: getFields() missing 1 required positional argument: 'self'","NOT RUN","getNumPages() missing 1 required positional argument: 'self' :: TEXT sample failed!!","getNumPages() missing 1 required positional argument: 'self' :: TEXT sample failed!!","unsupported operand type(s) for /: 'str' and 'str' :: WORD METRICS failed!!","unsupported operand type(s) for /: 'str' and 'str' :: WORD METRICS failed!!","1","IMG: float division by zero","OCR: '>' not supported between instances of 'type' and 'int'","AUTHOR: 'property' object has no attribute 'author'","CREATOR: 'property' object has no attribute 'creator'","PRODUCER: 'property' object has no attribute 'producer'","SUBJECT: 'property' object has no attribute 'subject'","TITLE: 'property' object has no attribute 'title'","getNumPages() missing 1 required positional argument: 'self' :: TEXT sample failed!!"
"36","https://www.drupal.com/case-study/procomun","procomun","E:\PROJECTS\perception-dev-3\REPORTS\DRUPAL\PDF\PDFs\procomun","FAILED: EOF marker not found","NA","IsTagged: type object 'PDFDocument' has no attribute 'is_extractable'","Page Count: type object 'PDFDocument' has no attribute 'is_extractable'","TRUE","FORMS: getFields() missing 1 required positional argument: 'self'","FIELDS: getFields() missing 1 required positional argument: 'self'","NOT RUN","getNumPages() missing 1 required positional argument: 'self' :: TEXT sample failed!!","getNumPages() missing 1 required positional argument: 'self' :: TEXT sample failed!!","unsupported operand type(s) for /: 'str' and 'str' :: WORD METRICS failed!!","unsupported operand type(s) for /: 'str' and 'str' :: WORD METRICS failed!!","1","IMG: float division by zero","OCR: '>' not supported between instances of 'type' and 'int'","AUTHOR: 'property' object has no attribute 'author'","CREATOR: 'property' object has no attribute 'creator'","PRODUCER: 'property' object has no attribute 'producer'","SUBJECT: 'property' object has no attribute 'subject'","TITLE: 'property' object has no attribute 'title'","getNumPages() missing 1 required positional argument: 'self' :: TEXT sample failed!!"
"37","https://www.drupal.com/case-study/colorado-general-assembly","colorado-general-assembly","E:\PROJECTS\perception-dev-3\REPORTS\DRUPAL\PDF\PDFs\colorado-general-assembly","FAILED: EOF marker not found","NA","IsTagged: type object 'PDFDocument' has no attribute 'is_extractable'","Page Count: type object 'PDFDocument' has no attribute 'is_extractable'","TRUE","FORMS: getFields() missing 1 required positional argument: 'self'","FIELDS: getFields() missing 1 required positional argument: 'self'","NOT RUN","getNumPages() missing 1 required positional argument: 'self' :: TEXT sample failed!!","getNumPages() missing 1 required positional argument: 'self' :: TEXT sample failed!!","unsupported operand type(s) for /: 'str' and 'str' :: WORD METRICS failed!!","unsupported operand type(s) for /: 'str' and 'str' :: WORD METRICS failed!!","1","IMG: float division by zero","OCR: '>' not supported between instances of 'type' and 'int'","AUTHOR: 'property' object has no attribute 'author'","CREATOR: 'property' object has no attribute 'creator'","PRODUCER: 'property' object has no attribute 'producer'","SUBJECT: 'property' object has no attribute 'subject'","TITLE: 'property' object has no attribute 'title'","getNumPages() missing 1 required positional argument: 'self' :: TEXT sample failed!!"
"38","https://www.drupal.com/case-study/boreal-mountain-resort","boreal-mountain-resort","E:\PROJECTS\perception-dev-3\REPORTS\DRUPAL\PDF\PDFs\boreal-mountain-resort","FAILED: EOF marker not found","NA","IsTagged: type object 'PDFDocument' has no attribute 'is_extractable'","Page Count: type object 'PDFDocument' has no attribute 'is_extractable'","TRUE","FORMS: getFields() missing 1 required positional argument: 'self'","FIELDS: getFields() missing 1 required positional argument: 'self'","NOT RUN","getNumPages() missing 1 required positional argument: 'self' :: TEXT sample failed!!","getNumPages() missing 1 required positional argument: 'self' :: TEXT sample failed!!","unsupported operand type(s) for /: 'str' and 'str' :: WORD METRICS failed!!","unsupported operand type(s) for /: 'str' and 'str' :: WORD METRICS failed!!","1","IMG: float division by zero","OCR: '>' not supported between instances of 'type' and 'int'","AUTHOR: 'property' object has no attribute 'author'","CREATOR: 'property' object has no attribute 'creator'","PRODUCER: 'property' object has no attribute 'producer'","SUBJECT: 'property' object has no attribute 'subject'","TITLE: 'property' object has no attribute 'title'","getNumPages() missing 1 required positional argument: 'self' :: TEXT sample failed!!"
"39","https://www.drupal.com/case-study/manhattan-associates","manhattan-associates","E:\PROJECTS\perception-dev-3\REPORTS\DRUPAL\PDF\PDFs\manhattan-associates","FAILED: EOF marker not found","NA","IsTagged: type object 'PDFDocument' has no attribute 'is_extractable'","Page Count: type object 'PDFDocument' has no attribute 'is_extractable'","TRUE","FORMS: getFields() missing 1 required positional argument: 'self'","FIELDS: getFields() missing 1 required positional argument: 'self'","NOT RUN","getNumPages() missing 1 required positional argument: 'self' :: TEXT sample failed!!","getNumPages() missing 1 required positional argument: 'self' :: TEXT sample failed!!","unsupported operand type(s) for /: 'str' and 'str' :: WORD METRICS failed!!","unsupported operand type(s) for /: 'str' and 'str' :: WORD METRICS failed!!","1","IMG: float division by zero","OCR: '>' not supported between instances of 'type' and 'int'","AUTHOR: 'property' object has no attribute 'author'","CREATOR: 'property' object has no attribute 'creator'","PRODUCER: 'property' object has no attribute 'producer'","SUBJECT: 'property' object has no attribute 'subject'","TITLE: 'property' object has no attribute 'title'","getNumPages() missing 1 required positional argument: 'self' :: TEXT sample failed!!"
"40","https://www.drupal.com/case-study/state-revenue-office-australia","state-revenue-office-australia","E:\PROJECTS\perception-dev-3\REPORTS\DRUPAL\PDF\PDFs\state-revenue-office-australia","FAILED: EOF marker not found","NA","IsTagged: type object 'PDFDocument' has no attribute 'is_extractable'","Page Count: type object 'PDFDocument' has no attribute 'is_extractable'","TRUE","FORMS: getFields() missing 1 required positional argument: 'self'","FIELDS: getFields() missing 1 required positional argument: 'self'","NOT RUN","getNumPages() missing 1 required positional argument: 'self' :: TEXT sample failed!!","getNumPages() missing 1 required positional argument: 'self' :: TEXT sample failed!!","unsupported operand type(s) for /: 'str' and 'str' :: WORD METRICS failed!!","unsupported operand type(s) for /: 'str' and 'str' :: WORD METRICS failed!!","1","IMG: float division by zero","OCR: '>' not supported between instances of 'type' and 'int'","AUTHOR: 'property' object has no attribute 'author'","CREATOR: 'property' object has no attribute 'creator'","PRODUCER: 'property' object has no attribute 'producer'","SUBJECT: 'property' object has no attribute 'subject'","TITLE: 'property' object has no attribute 'title'","getNumPages() missing 1 required positional argument: 'self' :: TEXT sample failed!!"
"41","https://www.drupal.com/case-study/umn-university-minnesota","umn-university-minnesota","E:\PROJECTS\perception-dev-3\REPORTS\DRUPAL\PDF\PDFs\umn-university-minnesota","FAILED: EOF marker not found","NA","IsTagged: type object 'PDFDocument' has no attribute 'is_extractable'","Page Count: type object 'PDFDocument' has no attribute 'is_extractable'","TRUE","FORMS: getFields() missing 1 required positional argument: 'self'","FIELDS: getFields() missing 1 required positional argument: 'self'","NOT RUN","getNumPages() missing 1 required positional argument: 'self' :: TEXT sample failed!!","getNumPages() missing 1 required positional argument: 'self' :: TEXT sample failed!!","unsupported operand type(s) for /: 'str' and 'str' :: WORD METRICS failed!!","unsupported operand type(s) for /: 'str' and 'str' :: WORD METRICS failed!!","1","IMG: float division by zero","OCR: '>' not supported between instances of 'type' and 'int'","AUTHOR: 'property' object has no attribute 'author'","CREATOR: 'property' object has no attribute 'creator'","PRODUCER: 'property' object has no attribute 'producer'","SUBJECT: 'property' object has no attribute 'subject'","TITLE: 'property' object has no attribute 'title'","getNumPages() missing 1 required positional argument: 'self' :: TEXT sample failed!!"
"42","https://www.drupal.com/case-study/greenpeace-greenwire","greenpeace-greenwire","E:\PROJECTS\perception-dev-3\REPORTS\DRUPAL\PDF\PDFs\greenpeace-greenwire","FAILED: EOF marker not found","NA","IsTagged: type object 'PDFDocument' has no attribute 'is_extractable'","Page Count: type object 'PDFDocument' has no attribute 'is_extractable'","TRUE","FORMS: getFields() missing 1 required positional argument: 'self'","FIELDS: getFields() missing 1 required positional argument: 'self'","NOT RUN","getNumPages() missing 1 required positional argument: 'self' :: TEXT sample failed!!","getNumPages() missing 1 required positional argument: 'self' :: TEXT sample failed!!","unsupported operand type(s) for /: 'str' and 'str' :: WORD METRICS failed!!","unsupported operand type(s) for /: 'str' and 'str' :: WORD METRICS failed!!","1","IMG: float division by zero","OCR: '>' not supported between instances of 'type' and 'int'","AUTHOR: 'property' object has no attribute 'author'","CREATOR: 'property' object has no attribute 'creator'","PRODUCER: 'property' object has no attribute 'producer'","SUBJECT: 'property' object has no attribute 'subject'","TITLE: 'property' object has no attribute 'title'","getNumPages() missing 1 required positional argument: 'self' :: TEXT sample failed!!"
"43","https://www.drupal.com/case-study/sevilla-fc","sevilla-fc","E:\PROJECTS\perception-dev-3\REPORTS\DRUPAL\PDF\PDFs\sevilla-fc","FAILED: EOF marker not found","NA","IsTagged: type object 'PDFDocument' has no attribute 'is_extractable'","Page Count: type object 'PDFDocument' has no attribute 'is_extractable'","TRUE","FORMS: getFields() missing 1 required positional argument: 'self'","FIELDS: getFields() missing 1 required positional argument: 'self'","NOT RUN","getNumPages() missing 1 required positional argument: 'self' :: TEXT sample failed!!","getNumPages() missing 1 required positional argument: 'self' :: TEXT sample failed!!","unsupported operand type(s) for /: 'str' and 'str' :: WORD METRICS failed!!","unsupported operand type(s) for /: 'str' and 'str' :: WORD METRICS failed!!","1","IMG: float division by zero","OCR: '>' not supported between instances of 'type' and 'int'","AUTHOR: 'property' object has no attribute 'author'","CREATOR: 'property' object has no attribute 'creator'","PRODUCER: 'property' object has no attribute 'producer'","SUBJECT: 'property' object has no attribute 'subject'","TITLE: 'property' object has no attribute 'title'","getNumPages() missing 1 required positional argument: 'self' :: TEXT sample failed!!"
"44","https://www.drupal.com/showcases?page=4","[Errno 22] Invalid argument: 'E:\\PROJECTS\\perception-dev-3\\REPORTS\\DRUPAL\\PDF\\PDFs\\showcases?page=4'","PDF FAILED TO OPEN:E:\PROJECTS\perception-dev-3\REPORTS\DRUPAL\PDF\PDFs\showcases?page=4","","","","","","","","","","","","","","","","","","","","","",""
"45","https://www.drupal.com/case-study/care-international-uk","care-international-uk","E:\PROJECTS\perception-dev-3\REPORTS\DRUPAL\PDF\PDFs\care-international-uk","FAILED: EOF marker not found","NA","IsTagged: type object 'PDFDocument' has no attribute 'is_extractable'","Page Count: type object 'PDFDocument' has no attribute 'is_extractable'","TRUE","FORMS: getFields() missing 1 required positional argument: 'self'","FIELDS: getFields() missing 1 required positional argument: 'self'","NOT RUN","getNumPages() missing 1 required positional argument: 'self' :: TEXT sample failed!!","getNumPages() missing 1 required positional argument: 'self' :: TEXT sample failed!!","unsupported operand type(s) for /: 'str' and 'str' :: WORD METRICS failed!!","unsupported operand type(s) for /: 'str' and 'str' :: WORD METRICS failed!!","1","IMG: float division by zero","OCR: '>' not supported between instances of 'type' and 'int'","AUTHOR: 'property' object has no attribute 'author'","CREATOR: 'property' object has no attribute 'creator'","PRODUCER: 'property' object has no attribute 'producer'","SUBJECT: 'property' object has no attribute 'subject'","TITLE: 'property' object has no attribute 'title'","getNumPages() missing 1 required positional argument: 'self' :: TEXT sample failed!!"
"46","https://www.drupal.com/case-study/youth-on-record","youth-on-record","E:\PROJECTS\perception-dev-3\REPORTS\DRUPAL\PDF\PDFs\youth-on-record","FAILED: EOF marker not found","NA","IsTagged: type object 'PDFDocument' has no attribute 'is_extractable'","Page Count: type object 'PDFDocument' has no attribute 'is_extractable'","TRUE","FORMS: getFields() missing 1 required positional argument: 'self'","FIELDS: getFields() missing 1 required positional argument: 'self'","NOT RUN","getNumPages() missing 1 required positional argument: 'self' :: TEXT sample failed!!","getNumPages() missing 1 required positional argument: 'self' :: TEXT sample failed!!","unsupported operand type(s) for /: 'str' and 'str' :: WORD METRICS failed!!","unsupported operand type(s) for /: 'str' and 'str' :: WORD METRICS failed!!","1","IMG: float division by zero","OCR: '>' not supported between instances of 'type' and 'int'","AUTHOR: 'property' object has no attribute 'author'","CREATOR: 'property' object has no attribute 'creator'","PRODUCER: 'property' object has no attribute 'producer'","SUBJECT: 'property' object has no attribute 'subject'","TITLE: 'property' object has no attribute 'title'","getNumPages() missing 1 required positional argument: 'self' :: TEXT sample failed!!"
"47","https://www.drupal.com/case-study/rainforest-alliance","rainforest-alliance","E:\PROJECTS\perception-dev-3\REPORTS\DRUPAL\PDF\PDFs\rainforest-alliance","FAILED: EOF marker not found","NA","IsTagged: type object 'PDFDocument' has no attribute 'is_extractable'","Page Count: type object 'PDFDocument' has no attribute 'is_extractable'","TRUE","FORMS: getFields() missing 1 required positional argument: 'self'","FIELDS: getFields() missing 1 required positional argument: 'self'","NOT RUN","getNumPages() missing 1 required positional argument: 'self' :: TEXT sample failed!!","getNumPages() missing 1 required positional argument: 'self' :: TEXT sample failed!!","unsupported operand type(s) for /: 'str' and 'str' :: WORD METRICS failed!!","unsupported operand type(s) for /: 'str' and 'str' :: WORD METRICS failed!!","1","IMG: float division by zero","OCR: '>' not supported between instances of 'type' and 'int'","AUTHOR: 'property' object has no attribute 'author'","CREATOR: 'property' object has no attribute 'creator'","PRODUCER: 'property' object has no attribute 'producer'","SUBJECT: 'property' object has no attribute 'subject'","TITLE: 'property' object has no attribute 'title'","getNumPages() missing 1 required positional argument: 'self' :: TEXT sample failed!!"
"48","https://www.drupal.com/case-study/government-bermuda","government-bermuda","E:\PROJECTS\perception-dev-3\REPORTS\DRUPAL\PDF\PDFs\government-bermuda","FAILED: EOF marker not found","NA","IsTagged: type object 'PDFDocument' has no attribute 'is_extractable'","Page Count: type object 'PDFDocument' has no attribute 'is_extractable'","TRUE","FORMS: getFields() missing 1 required positional argument: 'self'","FIELDS: getFields() missing 1 required positional argument: 'self'","NOT RUN","getNumPages() missing 1 required positional argument: 'self' :: TEXT sample failed!!","getNumPages() missing 1 required positional argument: 'self' :: TEXT sample failed!!","unsupported operand type(s) for /: 'str' and 'str' :: WORD METRICS failed!!","unsupported operand type(s) for /: 'str' and 'str' :: WORD METRICS failed!!","1","IMG: float division by zero","OCR: '>' not supported between instances of 'type' and 'int'","AUTHOR: 'property' object has no attribute 'author'","CREATOR: 'property' object has no attribute 'creator'","PRODUCER: 'property' object has no attribute 'producer'","SUBJECT: 'property' object has no attribute 'subject'","TITLE: 'property' object has no attribute 'title'","getNumPages() missing 1 required positional argument: 'self' :: TEXT sample failed!!"
"49","https://www.drupal.com/case-study/the-sapan-institute","the-sapan-institute","E:\PROJECTS\perception-dev-3\REPORTS\DRUPAL\PDF\PDFs\the-sapan-institute","FAILED: EOF marker not found","NA","IsTagged: type object 'PDFDocument' has no attribute 'is_extractable'","Page Count: type object 'PDFDocument' has no attribute 'is_extractable'","TRUE","FORMS: getFields() missing 1 required positional argument: 'self'","FIELDS: getFields() missing 1 required positional argument: 'self'","NOT RUN","getNumPages() missing 1 required positional argument: 'self' :: TEXT sample failed!!","getNumPages() missing 1 required positional argument: 'self' :: TEXT sample failed!!","unsupported operand type(s) for /: 'str' and 'str' :: WORD METRICS failed!!","unsupported operand type(s) for /: 'str' and 'str' :: WORD METRICS failed!!","1","IMG: float division by zero","OCR: '>' not supported between instances of 'type' and 'int'","AUTHOR: 'property' object has no attribute 'author'","CREATOR: 'property' object has no attribute 'creator'","PRODUCER: 'property' object has no attribute 'producer'","SUBJECT: 'property' object has no attribute 'subject'","TITLE: 'property' object has no attribute 'title'","getNumPages() missing 1 required positional argument: 'self' :: TEXT sample failed!!"
"50","https://www.drupal.com/case-study/university-of-colorado","university-of-colorado","E:\PROJECTS\perception-dev-3\REPORTS\DRUPAL\PDF\PDFs\university-of-colorado","FAILED: EOF marker not found","NA","IsTagged: type object 'PDFDocument' has no attribute 'is_extractable'","Page Count: type object 'PDFDocument' has no attribute 'is_extractable'","TRUE","FORMS: getFields() missing 1 required positional argument: 'self'","FIELDS: getFields() missing 1 required positional argument: 'self'","NOT RUN","getNumPages() missing 1 required positional argument: 'self' :: TEXT sample failed!!","getNumPages() missing 1 required positional argument: 'self' :: TEXT sample failed!!","unsupported operand type(s) for /: 'str' and 'str' :: WORD METRICS failed!!","unsupported operand type(s) for /: 'str' and 'str' :: WORD METRICS failed!!","1","IMG: float division by zero","OCR: '>' not supported between instances of 'type' and 'int'","AUTHOR: 'property' object has no attribute 'author'","CREATOR: 'property' object has no attribute 'creator'","PRODUCER: 'property' object has no attribute 'producer'","SUBJECT: 'property' object has no attribute 'subject'","TITLE: 'property' object has no attribute 'title'","getNumPages() missing 1 required positional argument: 'self' :: TEXT sample failed!!"
"51","https://www.drupal.com/case-study/red-hat-opensource-com","red-hat-opensource-com","E:\PROJECTS\perception-dev-3\REPORTS\DRUPAL\PDF\PDFs\red-hat-opensource-com","FAILED: EOF marker not found","NA","IsTagged: type object 'PDFDocument' has no attribute 'is_extractable'","Page Count: type object 'PDFDocument' has no attribute 'is_extractable'","TRUE","FORMS: getFields() missing 1 required positional argument: 'self'","FIELDS: getFields() missing 1 required positional argument: 'self'","NOT RUN","getNumPages() missing 1 required positional argument: 'self' :: TEXT sample failed!!","getNumPages() missing 1 required positional argument: 'self' :: TEXT sample failed!!","unsupported operand type(s) for /: 'str' and 'str' :: WORD METRICS failed!!","unsupported operand type(s) for /: 'str' and 'str' :: WORD METRICS failed!!","1","IMG: float division by zero","OCR: '>' not supported between instances of 'type' and 'int'","AUTHOR: 'property' object has no attribute 'author'","CREATOR: 'property' object has no attribute 'creator'","PRODUCER: 'property' object has no attribute 'producer'","SUBJECT: 'property' object has no attribute 'subject'","TITLE: 'property' object has no attribute 'title'","getNumPages() missing 1 required positional argument: 'self' :: TEXT sample failed!!"
"52","https://www.drupal.com/case-study/gatwick","gatwick","E:\PROJECTS\perception-dev-3\REPORTS\DRUPAL\PDF\PDFs\gatwick","FAILED: EOF marker not found","NA","IsTagged: type object 'PDFDocument' has no attribute 'is_extractable'","Page Count: type object 'PDFDocument' has no attribute 'is_extractable'","TRUE","FORMS: getFields() missing 1 required positional argument: 'self'","FIELDS: getFields() missing 1 required positional argument: 'self'","NOT RUN","getNumPages() missing 1 required positional argument: 'self' :: TEXT sample failed!!","getNumPages() missing 1 required positional argument: 'self' :: TEXT sample failed!!","unsupported operand type(s) for /: 'str' and 'str' :: WORD METRICS failed!!","unsupported operand type(s) for /: 'str' and 'str' :: WORD METRICS failed!!","1","IMG: float division by zero","OCR: '>' not supported between instances of 'type' and 'int'","AUTHOR: 'property' object has no attribute 'author'","CREATOR: 'property' object has no attribute 'creator'","PRODUCER: 'property' object has no attribute 'producer'","SUBJECT: 'property' object has no attribute 'subject'","TITLE: 'property' object has no attribute 'title'","getNumPages() missing 1 required positional argument: 'self' :: TEXT sample failed!!"
"53","https://www.drupal.com/case-study/higgidy","higgidy","E:\PROJECTS\perception-dev-3\REPORTS\DRUPAL\PDF\PDFs\higgidy","FAILED: EOF marker not found","NA","IsTagged: type object 'PDFDocument' has no attribute 'is_extractable'","Page Count: type object 'PDFDocument' has no attribute 'is_extractable'","TRUE","FORMS: getFields() missing 1 required positional argument: 'self'","FIELDS: getFields() missing 1 required positional argument: 'self'","NOT RUN","getNumPages() missing 1 required positional argument: 'self' :: TEXT sample failed!!","getNumPages() missing 1 required positional argument: 'self' :: TEXT sample failed!!","unsupported operand type(s) for /: 'str' and 'str' :: WORD METRICS failed!!","unsupported operand type(s) for /: 'str' and 'str' :: WORD METRICS failed!!","1","IMG: float division by zero","OCR: '>' not supported between instances of 'type' and 'int'","AUTHOR: 'property' object has no attribute 'author'","CREATOR: 'property' object has no attribute 'creator'","PRODUCER: 'property' object has no attribute 'producer'","SUBJECT: 'property' object has no attribute 'subject'","TITLE: 'property' object has no attribute 'title'","getNumPages() missing 1 required positional argument: 'self' :: TEXT sample failed!!"
"54","https://www.drupal.com/case-study/shoretel","shoretel","E:\PROJECTS\perception-dev-3\REPORTS\DRUPAL\PDF\PDFs\shoretel","FAILED: EOF marker not found","NA","IsTagged: type object 'PDFDocument' has no attribute 'is_extractable'","Page Count: type object 'PDFDocument' has no attribute 'is_extractable'","TRUE","FORMS: getFields() missing 1 required positional argument: 'self'","FIELDS: getFields() missing 1 required positional argument: 'self'","NOT RUN","getNumPages() missing 1 required positional argument: 'self' :: TEXT sample failed!!","getNumPages() missing 1 required positional argument: 'self' :: TEXT sample failed!!","unsupported operand type(s) for /: 'str' and 'str' :: WORD METRICS failed!!","unsupported operand type(s) for /: 'str' and 'str' :: WORD METRICS failed!!","1","IMG: float division by zero","OCR: '>' not supported between instances of 'type' and 'int'","AUTHOR: 'property' object has no attribute 'author'","CREATOR: 'property' object has no attribute 'creator'","PRODUCER: 'property' object has no attribute 'producer'","SUBJECT: 'property' object has no attribute 'subject'","TITLE: 'property' object has no attribute 'title'","getNumPages() missing 1 required positional argument: 'self' :: TEXT sample failed!!"
"55","https://www.drupal.com/case-study/iom3","iom3","E:\PROJECTS\perception-dev-3\REPORTS\DRUPAL\PDF\PDFs\iom3","FAILED: EOF marker not found","NA","IsTagged: type object 'PDFDocument' has no attribute 'is_extractable'","Page Count: type object 'PDFDocument' has no attribute 'is_extractable'","TRUE","FORMS: getFields() missing 1 required positional argument: 'self'","FIELDS: getFields() missing 1 required positional argument: 'self'","NOT RUN","getNumPages() missing 1 required positional argument: 'self' :: TEXT sample failed!!","getNumPages() missing 1 required positional argument: 'self' :: TEXT sample failed!!","unsupported operand type(s) for /: 'str' and 'str' :: WORD METRICS failed!!","unsupported operand type(s) for /: 'str' and 'str' :: WORD METRICS failed!!","1","IMG: float division by zero","OCR: '>' not supported between instances of 'type' and 'int'","AUTHOR: 'property' object has no attribute 'author'","CREATOR: 'property' object has no attribute 'creator'","PRODUCER: 'property' object has no attribute 'producer'","SUBJECT: 'property' object has no attribute 'subject'","TITLE: 'property' object has no attribute 'title'","getNumPages() missing 1 required positional argument: 'self' :: TEXT sample failed!!"
"56","https://www.drupal.com/node/1051","1051","E:\PROJECTS\perception-dev-3\REPORTS\DRUPAL\PDF\PDFs\1051","FAILED: EOF marker not found","NA","IsTagged: type object 'PDFDocument' has no attribute 'is_extractable'","Page Count: type object 'PDFDocument' has no attribute 'is_extractable'","TRUE","FORMS: getFields() missing 1 required positional argument: 'self'","FIELDS: getFields() missing 1 required positional argument: 'self'","NOT RUN","getNumPages() missing 1 required positional argument: 'self' :: TEXT sample failed!!","getNumPages() missing 1 required positional argument: 'self' :: TEXT sample failed!!","unsupported operand type(s) for /: 'str' and 'str' :: WORD METRICS failed!!","unsupported operand type(s) for /: 'str' and 'str' :: WORD METRICS failed!!","1","IMG: float division by zero","OCR: '>' not supported between instances of 'type' and 'int'","AUTHOR: 'property' object has no attribute 'author'","CREATOR: 'property' object has no attribute 'creator'","PRODUCER: 'property' object has no attribute 'producer'","SUBJECT: 'property' object has no attribute 'subject'","TITLE: 'property' object has no attribute 'title'","getNumPages() missing 1 required positional argument: 'self' :: TEXT sample failed!!"
"57","https://www.drupal.com/case-study/foxtel-presto-video-on-demand","foxtel-presto-video-on-demand","E:\PROJECTS\perception-dev-3\REPORTS\DRUPAL\PDF\PDFs\foxtel-presto-video-on-demand","FAILED: EOF marker not found","NA","IsTagged: type object 'PDFDocument' has no attribute 'is_extractable'","Page Count: type object 'PDFDocument' has no attribute 'is_extractable'","TRUE","FORMS: getFields() missing 1 required positional argument: 'self'","FIELDS: getFields() missing 1 required positional argument: 'self'","NOT RUN","getNumPages() missing 1 required positional argument: 'self' :: TEXT sample failed!!","getNumPages() missing 1 required positional argument: 'self' :: TEXT sample failed!!","unsupported operand type(s) for /: 'str' and 'str' :: WORD METRICS failed!!","unsupported operand type(s) for /: 'str' and 'str' :: WORD METRICS failed!!","1","IMG: float division by zero","OCR: '>' not supported between instances of 'type' and 'int'","AUTHOR: 'property' object has no attribute 'author'","CREATOR: 'property' object has no attribute 'creator'","PRODUCER: 'property' object has no attribute 'producer'","SUBJECT: 'property' object has no attribute 'subject'","TITLE: 'property' object has no attribute 'title'","getNumPages() missing 1 required positional argument: 'self' :: TEXT sample failed!!"
"58","https://www.drupal.com/case-study/fema","fema","E:\PROJECTS\perception-dev-3\REPORTS\DRUPAL\PDF\PDFs\fema","FAILED: EOF marker not found","NA","IsTagged: type object 'PDFDocument' has no attribute 'is_extractable'","Page Count: type object 'PDFDocument' has no attribute 'is_extractable'","TRUE","FORMS: getFields() missing 1 required positional argument: 'self'","FIELDS: getFields() missing 1 required positional argument: 'self'","NOT RUN","getNumPages() missing 1 required positional argument: 'self' :: TEXT sample failed!!","getNumPages() missing 1 required positional argument: 'self' :: TEXT sample failed!!","unsupported operand type(s) for /: 'str' and 'str' :: WORD METRICS failed!!","unsupported operand type(s) for /: 'str' and 'str' :: WORD METRICS failed!!","1","IMG: float division by zero","OCR: '>' not supported between instances of 'type' and 'int'","AUTHOR: 'property' object has no attribute 'author'","CREATOR: 'property' object has no attribute 'creator'","PRODUCER: 'property' object has no attribute 'producer'","SUBJECT: 'property' object has no attribute 'subject'","TITLE: 'property' object has no attribute 'title'","getNumPages() missing 1 required positional argument: 'self' :: TEXT sample failed!!"
"59","https://www.drupal.com/case-study/spartannash","spartannash","E:\PROJECTS\perception-dev-3\REPORTS\DRUPAL\PDF\PDFs\spartannash","FAILED: EOF marker not found","NA","IsTagged: type object 'PDFDocument' has no attribute 'is_extractable'","Page Count: type object 'PDFDocument' has no attribute 'is_extractable'","TRUE","FORMS: getFields() missing 1 required positional argument: 'self'","FIELDS: getFields() missing 1 required positional argument: 'self'","NOT RUN","getNumPages() missing 1 required positional argument: 'self' :: TEXT sample failed!!","getNumPages() missing 1 required positional argument: 'self' :: TEXT sample failed!!","unsupported operand type(s) for /: 'str' and 'str' :: WORD METRICS failed!!","unsupported operand type(s) for /: 'str' and 'str' :: WORD METRICS failed!!","1","IMG: float division by zero","OCR: '>' not supported between instances of 'type' and 'int'","AUTHOR: 'property' object has no attribute 'author'","CREATOR: 'property' object has no attribute 'creator'","PRODUCER: 'property' object has no attribute 'producer'","SUBJECT: 'property' object has no attribute 'subject'","TITLE: 'property' object has no attribute 'title'","getNumPages() missing 1 required positional argument: 'self' :: TEXT sample failed!!"
"60","https://drupal.com/trademark","trademark","E:\PROJECTS\perception-dev-3\REPORTS\DRUPAL\PDF\PDFs\trademark","FAILED: EOF marker not found","NA","IsTagged: type object 'PDFDocument' has no attribute 'is_extractable'","Page Count: type object 'PDFDocument' has no attribute 'is_extractable'","TRUE","FORMS: getFields() missing 1 required positional argument: 'self'","FIELDS: getFields() missing 1 required positional argument: 'self'","NOT RUN","getNumPages() missing 1 required positional argument: 'self' :: TEXT sample failed!!","getNumPages() missing 1 required positional argument: 'self' :: TEXT sample failed!!","unsupported operand type(s) for /: 'str' and 'str' :: WORD METRICS failed!!","unsupported operand type(s) for /: 'str' and 'str' :: WORD METRICS failed!!","1","IMG: float division by zero","OCR: '>' not supported between instances of 'type' and 'int'","AUTHOR: 'property' object has no attribute 'author'","CREATOR: 'property' object has no attribute 'creator'","PRODUCER: 'property' object has no attribute 'producer'","SUBJECT: 'property' object has no attribute 'subject'","TITLE: 'property' object has no attribute 'title'","getNumPages() missing 1 required positional argument: 'self' :: TEXT sample failed!!"
"61","https://drupal.com/case-study/the-sapan-institute","the-sapan-institute","E:\PROJECTS\perception-dev-3\REPORTS\DRUPAL\PDF\PDFs\the-sapan-institute","FAILED: EOF marker not found","NA","IsTagged: type object 'PDFDocument' has no attribute 'is_extractable'","Page Count: type object 'PDFDocument' has no attribute 'is_extractable'","TRUE","FORMS: getFields() missing 1 required positional argument: 'self'","FIELDS: getFields() missing 1 required positional argument: 'self'","NOT RUN","getNumPages() missing 1 required positional argument: 'self' :: TEXT sample failed!!","getNumPages() missing 1 required positional argument: 'self' :: TEXT sample failed!!","unsupported operand type(s) for /: 'str' and 'str' :: WORD METRICS failed!!","unsupported operand type(s) for /: 'str' and 'str' :: WORD METRICS failed!!","1","IMG: float division by zero","OCR: '>' not supported between instances of 'type' and 'int'","AUTHOR: 'property' object has no attribute 'author'","CREATOR: 'property' object has no attribute 'creator'","PRODUCER: 'property' object has no attribute 'producer'","SUBJECT: 'property' object has no attribute 'subject'","TITLE: 'property' object has no attribute 'title'","getNumPages() missing 1 required positional argument: 'self' :: TEXT sample failed!!"
"62","https://www.drupal.com/case-study/www.myplanet.com","www.myplanet.com","E:\PROJECTS\perception-dev-3\REPORTS\DRUPAL\PDF\PDFs\www.myplanet.com","FAILED: EOF marker not found","NA","IsTagged: type object 'PDFDocument' has no attribute 'is_extractable'","Page Count: type object 'PDFDocument' has no attribute 'is_extractable'","TRUE","FORMS: getFields() missing 1 required positional argument: 'self'","FIELDS: getFields() missing 1 required positional argument: 'self'","NOT RUN","getNumPages() missing 1 required positional argument: 'self' :: TEXT sample failed!!","getNumPages() missing 1 required positional argument: 'self' :: TEXT sample failed!!","unsupported operand type(s) for /: 'str' and 'str' :: WORD METRICS failed!!","unsupported operand type(s) for /: 'str' and 'str' :: WORD METRICS failed!!","1","IMG: float division by zero","OCR: '>' not supported between instances of 'type' and 'int'","AUTHOR: 'property' object has no attribute 'author'","CREATOR: 'property' object has no attribute 'creator'","PRODUCER: 'property' object has no attribute 'producer'","SUBJECT: 'property' object has no attribute 'subject'","TITLE: 'property' object has no attribute 'title'","getNumPages() missing 1 required positional argument: 'self' :: TEXT sample failed!!"
"64","https://www.drupal.com/404","404","E:\PROJECTS\perception-dev-3\REPORTS\DRUPAL\PDF\PDFs\404","FAILED: EOF marker not found","NA","IsTagged: type object 'PDFDocument' has no attribute 'is_extractable'","Page Count: type object 'PDFDocument' has no attribute 'is_extractable'","TRUE","FORMS: getFields() missing 1 required positional argument: 'self'","FIELDS: getFields() missing 1 required positional argument: 'self'","NOT RUN","getNumPages() missing 1 required positional argument: 'self' :: TEXT sample failed!!","getNumPages() missing 1 required positional argument: 'self' :: TEXT sample failed!!","unsupported operand type(s) for /: 'str' and 'str' :: WORD METRICS failed!!","unsupported operand type(s) for /: 'str' and 'str' :: WORD METRICS failed!!","1","IMG: float division by zero","OCR: '>' not supported between instances of 'type' and 'int'","AUTHOR: 'property' object has no attribute 'author'","CREATOR: 'property' object has no attribute 'creator'","PRODUCER: 'property' object has no attribute 'producer'","SUBJECT: 'property' object has no attribute 'subject'","TITLE: 'property' object has no attribute 'title'","getNumPages() missing 1 required positional argument: 'self' :: TEXT sample failed!!"
